bundle_id,bundle_name,n_items,final_price,component_price_sum,implied_discount_rate,panel_coverage,users_own_all,candidate_ownership_count,mincost_attributed_count,candidate_users_with_overlap,attribution_rate_given_candidate,contested_candidate_share,attributed_revenue_proxy,soft_mincost_attributed_tau_0_5,soft_mincost_attributed_tau_1,soft_mincost_attributed_tau_2
450,Dharker Studio 2015 Complete,14,66.46,73.86,0.1001895477931222,0.5,0,0.0,0.0,0.0,,,0.0,0.0,0.0,0.0
1473,"Naruto Shippuden Uncut Season 4, Vol. 3",13,20.15,25.87,0.221105527638191,0.0,0,0.0,0.0,0.0,,,0.0,0.0,0.0,0.0
1474,"Naruto Shippuden Uncut Season 4, Vol. 4",13,20.15,25.87,0.221105527638191,0.0,0,0.0,0.0,0.0,,,0.0,0.0,0.0,0.0
1437,Pixel Puzzles Ultimate: Starter Kit,10,15.17,25.35,0.401577909270217,0.0,0,0.0,0.0,0.0,,,0.0,0.0,0.0,0.0
1466,"Naruto Shippuden Uncut Season 4, Vol. 1",13,20.15,25.87,0.221105527638191,0.0,0,0.0,0.0,0.0,,,0.0,0.0,0.0,0.0
1478,Cosmi Fun Pack,9,25.2,71.91,0.6495619524405506,1.0,1,1.0,1.0,0.0,1.0,0.0,25.2,1.0,1.0,0.9999999999280464
1482,Two Tribes Complete Pack!,4,29.66,32.96,0.100121359223301,1.0,229,229.0,229.0,0.0,1.0,0.0,6792.14,228.6888989313518,220.85419765656633,192.10605054696197
1396,"Expendables 1, 2, & 3",3,25.17,41.97,0.4002859185132236,0.0,0,0.0,0.0,0.0,,,0.0,0.0,0.0,0.0
1400,El Ninja - Deluxe Edition,2,1.48,1.98,0.2525252525252525,0.5,0,0.0,0.0,0.0,,,0.0,0.0,0.0,0.0
1471,18 Wheels of Steel Top Payload Pack 2,3,18.4,27.47,0.3301783764106298,0.6666666666666666,0,0.0,0.0,0.0,,,0.0,0.0,0.0,0.0
1472,"Naruto Shippuden Uncut Season 4, Vol. 2",13,20.15,25.87,0.221105527638191,0.0,0,0.0,0.0,0.0,,,0.0,0.0,0.0,0.0
1477,Halcyon 6: Starbase Commander + Soundtrack,2,24.28,26.98,0.1000741289844327,0.5,0,0.0,0.0,0.0,,,0.0,0.0,0.0,0.0
1284,Black Sand Drift Collector's Edition,2,2.15,2.53,0.150197628458498,0.5,0,0.0,0.0,0.0,,,0.0,0.0,0.0,0.0
1468,The Codemasters Complete Collection,56,575.84,654.44,0.1201026832100727,0.4464285714285714,0,0.0,0.0,0.0,,,0.0,0.0,0.0,0.0
1225,Starters + Founders Package,2,75.18,79.97999999999999,0.0600150037509375,0.5,0,0.0,0.0,0.0,,,0.0,0.0,0.0,0.0
1455,ULTAKAAR CHRONICLES,5,4.51,9.07,0.5027563395810364,0.6,0,0.0,0.0,0.0,,,0.0,0.0,0.0,0.0
1419,"Naruto Shippuden Uncut Season 3, Vol. 1",14,20.02,27.86,0.2814070351758794,0.0,0,0.0,0.0,0.0,,,0.0,0.0,0.0,0.0
1421,"Naruto Shippuden Uncut Season 3, Vol. 3",13,20.15,25.87,0.221105527638191,0.0,0,0.0,0.0,0.0,,,0.0,0.0,0.0,0.0
1433,"Naruto Shippuden Uncut Season 3, Vol. 4",13,20.15,25.87,0.221105527638191,0.0,0,0.0,0.0,0.0,,,0.0,0.0,0.0,0.0
1420,"Naruto Shippuden Uncut Season 3, Vol. 2",14,20.02,27.86,0.2814070351758794,0.0,0,0.0,0.0,0.0,,,0.0,0.0,0.0,0.0
1011,Publisher Diamond Edition Pack,12,1.55,15.38,0.8992197659297789,0.1666666666666666,0,0.0,0.0,0.0,,,0.0,0.0,0.0,0.0
419,Dinosaur Hunt Gold Edition Pack,11,0.84,10.39,0.9191530317613088,0.0909090909090909,0,0.0,0.0,0.0,,,0.0,0.0,0.0,0.0
1460,The Meridian Bundle,4,21.66,30.96,0.3003875968992248,0.5,0,0.0,0.0,0.0,,,0.0,0.0,0.0,0.0
317,Endorlight - Deluxe Edition,2,2.38,3.98,0.4020100502512563,0.5,0,0.0,0.0,0.0,,,0.0,0.0,0.0,0.0
1379,Revolution 60: Special Edition Bundle,2,12.73,14.98,0.1502002670226969,0.0,0,0.0,0.0,0.0,,,0.0,0.0,0.0,0.0
1385,Happy Neighbours Set,2,17.48,24.98,0.300240192153723,1.0,2,2.0,2.0,0.0,1.0,0.0,34.96,1.999999388195546,1.9988944427261528,1.9540452601799487
1137,New Retro Arcade: Neon and Original Soundtrack,2,26.98,29.98,0.1000667111407603,0.5,0,0.0,0.0,0.0,,,0.0,0.0,0.0,0.0
279,Microblast Games Bundle,6,3.44,6.94,0.5043227665706052,0.6666666666666666,0,0.0,0.0,0.0,,,0.0,0.0,0.0,0.0
1440,OtakuMaker Studio Pack - Latest Bundle #3,4,11.96,14.96,0.2005347593582887,0.75,0,0.0,0.0,0.0,,,0.0,0.0,0.0,0.0
1441,OtakuMaker Studio Pack - Part #4,6,16.44,21.94,0.2506836827711941,0.8333333333333334,0,0.0,0.0,0.0,,,0.0,0.0,0.0,0.0
658,Infernal Dream Collection,5,6.55,10.95,0.4018264840182648,0.8,0,0.0,0.0,0.0,,,0.0,0.0,0.0,0.0
355,MX vs. ATV Collection,36,139.0,207.64,0.33057214409555,0.0833333333333333,0,0.0,0.0,0.0,,,0.0,0.0,0.0,0.0
1401,Shadow Warrior 2 Deluxe,4,45.96,45.96,0.0,0.25,0,0.0,0.0,0.0,,,0.0,0.0,0.0,0.0
1418,PopCap Power Pack,23,57.27,114.77,0.5010020040080161,1.0,55,55.0,55.0,0.0,1.0,0.0,3149.8500000000004,55.0,55.0,54.99999999998204
1282,Vanguard Princess Bundle,4,7.16,11.96,0.4013377926421405,0.25,0,0.0,0.0,0.0,,,0.0,0.0,0.0,0.0
1399,Dead Rising Triple Pack,3,49.77,59.97,0.1700850425212605,1.0,31,31.0,31.0,0.0,1.0,0.0,1542.8700000000001,30.99999995716939,30.998847762949808,30.81214615376089
1392,The Metronomicon Deluxe Edition,2,20.14,22.38,0.100089365504915,0.5,0,0.0,0.0,0.0,,,0.0,0.0,0.0,0.0
1404,SUPERFIGHT - The Super Bundle,9,29.91,49.91,0.4007212983370066,0.1111111111111111,0,0.0,0.0,0.0,,,0.0,0.0,0.0,0.0
1406,SUPERFIGHT - The DLC Bundle,8,23.92,39.92,0.4008016032064128,0.0,0,0.0,0.0,0.0,,,0.0,0.0,0.0,0.0
1407,Zonitron Productions Complete Pack,15,18.35,36.85,0.5020352781546811,1.0,3,3.0,3.0,3.0,1.0,1.0,55.050000000000004,2.99999999999365,2.999996779751251,2.997021401704988
1403,Steam Link + John Wick,2,47.78,47.78,0.0,0.0,0,0.0,0.0,0.0,,,0.0,0.0,0.0,0.0
1293,Triangle Service Shmups Collection,12,53.18,81.88,0.3505129457743038,0.5,0,0.0,0.0,0.0,,,0.0,0.0,0.0,0.0
1248,Shooting Love 20XX,8,35.92,47.92,0.2504173622704507,0.5,0,0.0,0.0,0.0,,,0.0,0.0,0.0,0.0
1409,Crimson Duck Complete Pack,2,5.34,7.98,0.3308270676691729,1.0,7,7.0,7.0,0.0,1.0,0.0,37.379999999999995,6.9645335946657365,6.533743750974366,5.52427194565577
1410,Silicon Echo Complete Pack,3,5.97,11.97,0.5012531328320803,1.0,7,7.0,7.0,7.0,1.0,1.0,41.79,6.991521699505932,6.750004215514812,5.733636811268374
1382,RunGunJumpGun: Special Atomik Edition,2,9.98,9.98,0.0,0.5,0,0.0,0.0,0.0,,,0.0,0.0,0.0,0.0
1386,Shiny: Digital Deluxe Edition,3,16.77,20.97,0.2002861230329041,0.0,0,0.0,0.0,0.0,,,0.0,0.0,0.0,0.0
1356,Buka Post Apocalyptic Collection,5,15.25,30.55,0.5008183306055647,1.0,6,6.0,6.0,0.0,1.0,0.0,91.5,5.999999999999693,5.999998640292231,5.997145094286969
1332,"3 Outlandish games in 1 bundle: Green Moon, City of Fools and Bathory",3,10.47,20.97,0.5007153075822603,1.0,0,0.0,0.0,0.0,,,0.0,0.0,0.0,0.0
667,Farnham Fables - Tape 1,2,1.78,1.98,0.101010101010101,0.5,0,0.0,0.0,0.0,,,0.0,0.0,0.0,0.0
1390,Angels Blue Games,2,12.58,13.98,0.1001430615164521,1.0,3,3.0,3.0,0.0,1.0,0.0,37.74,2.828027472303394,2.406551665675745,2.0045633165044983
1349,NeuroVoider - Deluxe Edition,2,19.99,22.98,0.1301131418624892,0.5,0,0.0,0.0,0.0,,,0.0,0.0,0.0,0.0
1373,Hue Game and Soundtrack Bundle,2,20.66,21.98,0.0600545950864422,0.5,0,0.0,0.0,0.0,,,0.0,0.0,0.0,0.0
1295,Bloxiq + Soundtrack,2,17.08,18.98,0.1001053740779769,0.0,0,0.0,0.0,0.0,,,0.0,0.0,0.0,0.0
1387,Back To Basics Epilepsy Bundle,2,1.38,1.98,0.3030303030303031,1.0,14,14.0,6.0,8.0,0.42857142857142855,0.5714285714285714,8.28,7.302856517585203,7.49018721463951,7.397013005997345
1222,Zombie Bundle,2,3.2,7.98,0.5989974937343359,1.0,1,1.0,1.0,0.0,1.0,0.0,3.2,0.9999295121702223,0.9916739069015661,0.9160615681024419
803,Platformer Bundle,9,4.87,32.410000000000004,0.8497377352668929,1.0,12,12.0,4.0,12.0,0.3333333333333333,1.0,19.48,6.0666835758762945,7.815093680212199,8.590225339062822
498,Back In Time Bundle,3,1.47,2.97,0.505050505050505,1.0,88,88.0,88.0,7.0,1.0,0.07954545454545454,129.35999999999999,83.79138864603284,71.67776680732973,59.44133605262287
396,The Indie Platformers Bundle,3,2.38,16.97,0.859752504419564,1.0,31,31.0,18.0,16.0,0.5806451612903226,0.5161290322580645,42.839999999999996,18.11010658280106,19.074472819310405,20.8307200181428
1372,Black Hole Hazard Deluxe,2,5.98,7.98,0.2506265664160401,0.5,0,0.0,0.0,0.0,,,0.0,0.0,0.0,0.0
972,Crush Your Enemies - Complete Plundered Edition,2,12.58,13.98,0.1001430615164521,0.5,0,0.0,0.0,0.0,,,0.0,0.0,0.0,0.0
1378,The orb Chambers Bundle,2,5.98,11.98,0.5008347245409015,1.0,8,8.0,8.0,0.0,1.0,0.0,47.84,7.999950846603182,7.980219014746923,7.620593014579467
1367,"Naruto Shippuden Uncut Season 2, Vol 1",12,20.04,23.88,0.1608040201005025,0.0,0,0.0,0.0,0.0,,,0.0,0.0,0.0,0.0
1369,"Naruto Shippuden Uncut Season 2, Vol 3",11,20.13,21.89,0.0804020100502513,0.0,0,0.0,0.0,0.0,,,0.0,0.0,0.0,0.0
1371,"Naruto Shippuden Uncut Season 2, Vol 5",12,20.04,23.88,0.1608040201005025,0.0,0,0.0,0.0,0.0,,,0.0,0.0,0.0,0.0
1376,Daylight's End VR - Full Movie,10,12.9,19.9,0.3517587939698491,0.0,0,0.0,0.0,0.0,,,0.0,0.0,0.0,0.0
1337,"Naruto Shippuden Uncut Season 1, Vol. 3",13,20.15,25.87,0.221105527638191,0.0,0,0.0,0.0,0.0,,,0.0,0.0,0.0,0.0
1343,"Naruto Shippuden Uncut Season 1, Vol.4",14,20.02,27.86,0.2814070351758794,0.0,0,0.0,0.0,0.0,,,0.0,0.0,0.0,0.0
1368,"Naruto Shippuden Uncut Season 2, Vol 2",12,20.04,23.88,0.1608040201005025,0.0,0,0.0,0.0,0.0,,,0.0,0.0,0.0,0.0
1370,"Naruto Shippuden Uncut Season 2, Vol 4",12,20.04,23.88,0.1608040201005025,0.0,0,0.0,0.0,0.0,,,0.0,0.0,0.0,0.0
1264,"Naruto Shippuden Uncut Season 1, Vol. 1",13,20.15,25.87,0.221105527638191,0.0,0,0.0,0.0,0.0,,,0.0,0.0,0.0,0.0
1324,"Naruto Shippuden Uncut Season 1, Vol. 2",13,20.15,25.87,0.221105527638191,0.0,0,0.0,0.0,0.0,,,0.0,0.0,0.0,0.0
1268,18 Wheels of Steel Top Payload Pack,3,16.72,24.97,0.3303964757709251,1.0,7,7.0,7.0,0.0,1.0,0.0,117.03999999999999,6.999999522207797,6.99817166776633,6.888655258017296
1328,SHINRAI - Soundtrack Bundle,2,19.99,22.98,0.1301131418624892,0.0,0,0.0,0.0,0.0,,,0.0,0.0,0.0,0.0
825,Back To Basics Mixer Bundle 2,5,2.9,4.95,0.4141414141414142,1.0,10,10.0,10.0,9.0,1.0,0.9,29.0,9.576246965009018,8.150072894478146,6.674518016723192
473,Pug Life Bundle,3,1.47,2.97,0.505050505050505,1.0,127,127.0,127.0,7.0,1.0,0.05511811023622047,186.69,120.94177959210774,103.56317137888183,85.9293053204632
1297,Optika + Optika Soundtrack,2,6.38,7.98,0.2005012531328321,0.5,0,0.0,0.0,0.0,,,0.0,0.0,0.0,0.0
604,Risen Franchise Pack,9,47.91,63.91,0.2503520575809732,0.3333333333333333,0,0.0,0.0,0.0,,,0.0,0.0,0.0,0.0
1333,Mugen Souls Z DLC Collection,12,43.08,47.88,0.1002506265664161,0.0,0,0.0,0.0,0.0,,,0.0,0.0,0.0,0.0
1336,Hyperdimension Neptunia Re;Birth1 Deluxe Edition Bundle / 特別限定版『デラックスエディション』,2,35.98,39.98,0.1000500250125062,0.5,0,0.0,0.0,0.0,,,0.0,0.0,0.0,0.0
1340,Hyperdimension Neptunia Re;Birth1 Digital Complete Set / デジタルコンプリートエディション,8,41.32,45.92,0.1001742160278745,0.125,0,0.0,0.0,0.0,,,0.0,0.0,0.0,0.0
1153,Pan-Pan: Planetary Pack,4,24.61,28.96,0.150207182320442,0.5,0,0.0,0.0,0.0,,,0.0,0.0,0.0,0.0
1355,Automobilista + Season Pass for All DLCs,2,59.48,69.98,0.1500428693912547,0.5,0,0.0,0.0,0.0,,,0.0,0.0,0.0,0.0
1161,Flump Studios Complete Pack,5,9.98,14.7,0.3210884353741496,1.0,1,1.0,1.0,0.0,1.0,0.0,9.98,0.9999205259080827,0.9911635995393923,0.9137258055040833
567,Back To Basics Mixer Bundle,8,3.92,7.92,0.5050505050505051,1.0,57,57.0,57.0,7.0,1.0,0.12280701754385964,223.44,56.978146990580136,55.83655970708955,49.788813964705476
1361,Just Deserts Complete Costume Bundle,4,14.36,15.96,0.1002506265664161,0.25,0,0.0,0.0,0.0,,,0.0,0.0,0.0,0.0
903,Valley + Soundtrack,2,24.96,26.98,0.0748702742772422,0.5,0,0.0,0.0,0.0,,,0.0,0.0,0.0,0.0
1271,Malus Code Soundtrack Edition,2,14.38,15.98,0.1001251564455569,0.5,0,0.0,0.0,0.0,,,0.0,0.0,0.0,0.0
1330,The Final Station Collector's Edition,2,17.98,19.98,0.1001001001001,0.5,0,0.0,0.0,0.0,,,0.0,0.0,0.0,0.0
1350,Deus Ex: Mankind Divided - Digital Deluxe Edition,2,89.98,89.98,0.0,0.5,0,0.0,0.0,0.0,,,0.0,0.0,0.0,0.0
1351,Deus Ex: Mankind Divided + Steam Controller Bundle,2,89.98,89.98,0.0,0.5,0,0.0,0.0,0.0,,,0.0,0.0,0.0,0.0
1352,Deus Ex: Mankind Divided Digital Deluxe + Steam Controller Bundle,3,119.97,119.97,0.0,0.3333333333333333,0,0.0,0.0,0.0,,,0.0,0.0,0.0,0.0
1209,Road To Ballhalla - Roll Playing Game of the Year Edition,2,15.98,19.98,0.2002002002002001,0.5,0,0.0,0.0,0.0,,,0.0,0.0,0.0,0.0
982,SimplexZombiePack,2,11.18,13.98,0.2002861230329042,0.5,0,0.0,0.0,0.0,,,0.0,0.0,0.0,0.0
827,One Way Heroics + Plus Edition,2,8.98,9.98,0.1002004008016032,0.5,0,0.0,0.0,0.0,,,0.0,0.0,0.0,0.0
694,Storm in a Teacup bundle,2,23.98,29.98,0.2001334222815209,0.5,0,0.0,0.0,0.0,,,0.0,0.0,0.0,0.0
531,Classic Wargames,4,20.96,41.96,0.5004766444232602,1.0,21,21.0,21.0,0.0,1.0,0.0,440.16,21.0,20.99999998407662,20.99942175048659
538,Alister Software bundle,2,1.0,1.98,0.494949494949495,1.0,90,90.0,90.0,7.0,1.0,0.07777777777777778,90.0,78.8263624330851,65.11958405108379,55.46744531067397
347,Astronomic Games,5,7.0,34.95,0.7997138769670958,1.0,63,63.0,63.0,56.0,1.0,0.8888888888888888,441.0,61.972798120926484,56.265617367129586,47.88970552132542
1005,Moon Colonization Project: Deluxe Edition,2,3.13,4.18,0.2511961722488038,0.5,0,0.0,0.0,0.0,,,0.0,0.0,0.0,0.0
1100,New World Collection,2,21.23,24.98,0.1501200960768613,1.0,190,190.0,190.0,0.0,1.0,0.0,4033.7000000000003,189.8949720589845,185.63429971709513,164.7367943624124
1114,Okhlos: Olympus Edition,4,22.96,22.96,0.0,0.25,0,0.0,0.0,0.0,,,0.0,0.0,0.0,0.0
494,Endless Loop Management,2,4.96,5.98,0.1705685618729097,1.0,29,29.0,22.0,7.0,0.7586206896551724,0.2413793103448276,109.12,19.54124756777029,16.837894629438495,15.549022935644533
357,Thomas Was Alone + Volume,2,26.98,29.98,0.1000667111407603,1.0,135,135.0,135.0,0.0,1.0,0.0,3642.3,134.66619587385432,128.5975071210285,110.37255428614189
363,Subterrain - OST Edition,2,17.98,19.98,0.1001001001000999,0.5,0,0.0,0.0,0.0,,,0.0,0.0,0.0,0.0
284,The Vanishing of Ethan Carter VR Bundle,2,29.98,29.98,-1.1850279115411942e-16,0.5,0,0.0,0.0,0.0,,,0.0,0.0,0.0,0.0
1017,Render System Games Complete,2,11.98,14.98,0.2002670226969292,1.0,0,0.0,0.0,0.0,,,0.0,0.0,0.0,0.0
1002,The Turing Test Collector's Edition,2,23.98,29.98,0.2001334222815209,0.5,0,0.0,0.0,0.0,,,0.0,0.0,0.0,0.0
754,Mysterious Places Bundle,4,27.96,39.96,0.3003003003003003,1.0,16,16.0,16.0,2.0,1.0,0.125,447.36,15.999999999395973,15.999901588402619,15.95985962961976
536,Stronghold Complete Pack,2,49.98,49.98,0.0,1.0,65,65.0,32.5,0.0,0.5,0.0,1624.35,32.5,32.5,32.5
359,Monstrum - Deluxe Edition,2,20.68,22.98,0.1000870322019146,0.5,0,0.0,0.0,0.0,,,0.0,0.0,0.0,0.0
416,FobTi Indie Bundle,2,12.33,18.98,0.3503688092729188,1.0,1,1.0,1.0,0.0,1.0,0.0,12.33,0.9999983255095944,0.9987076502237127,0.9652765704666424
251,Vae Victis Racing Collection,2,20.23,26.98,0.2501853224610821,0.5,0,0.0,0.0,0.0,,,0.0,0.0,0.0,0.0
923,The Black Watchmen - Occult Agent Edition,4,33.71,44.96,0.2502224199288256,0.25,0,0.0,0.0,0.0,,,0.0,0.0,0.0,0.0
953,AuroraRL Special Edition,2,6.28,6.98,0.1002865329512894,0.5,0,0.0,0.0,0.0,,,0.0,0.0,0.0,0.0
869,Ultimate Conspiracy Pack,2,9.99,12.98,0.2303543913713405,1.0,12,12.0,12.0,0.0,1.0,0.0,119.88,11.969730630470766,11.425443721800972,9.801930713771387
622,Age of Fear Series Bundle,2,26.98,29.98,0.1000667111407605,1.0,14,14.0,14.0,0.0,1.0,0.0,377.72,13.965383275807115,13.336037775514066,11.446042666711012
507,The Screwfly Collection,3,29.72,34.97,0.1501286817271947,1.0,1,1.0,1.0,0.0,1.0,0.0,29.72,0.9999724643088853,0.9947798743064417,0.9324533088603709
298,Out of the Park Baseball 17 + Franchise Hockey Manager 2,2,53.98,59.98,0.1000333444481495,1.0,1,1.0,1.0,0.0,1.0,0.0,53.98,0.9999938558253978,0.9975273768433653,0.9525741268224334
304,The Next World: Deluxe Bundle,2,13.58,16.98,0.2002355712603062,0.5,0,0.0,0.0,0.0,,,0.0,0.0,0.0,0.0
166,Grand Theft Auto V & Great White Shark Cash Card,2,75.98,79.98,0.0500125031257814,0.5,0,0.0,0.0,0.0,,,0.0,0.0,0.0,0.0
1191,Heart&Slash; + Soundtrack,2,19.98,24.98,0.200160128102482,0.5,0,0.0,0.0,0.0,,,0.0,0.0,0.0,0.0
1246,BioWare Bundle,4,75.96,94.96,0.2000842459983151,1.0,89,89.0,89.0,0.0,1.0,0.0,6760.44,89.0,88.99999950135111,88.99333868575157
1115,Sekwere + Soundtrack,2,1.28,1.98,0.3535353535353535,0.5,0,0.0,0.0,0.0,,,0.0,0.0,0.0,0.0
836,Megadimension Neptunia VII Digital Deluxe Edition,2,53.98,59.98,0.1000333444481495,0.5,0,0.0,0.0,0.0,,,0.0,0.0,0.0,0.0
568,Windlands + Original Soundtrack,2,24.28,26.98,0.1000741289844327,0.5,0,0.0,0.0,0.0,,,0.0,0.0,0.0,0.0
597,The Polynomial 1&2,2,14.23,18.98,0.250263435194942,1.0,1,1.0,1.0,0.0,1.0,0.0,14.23,0.9999251537724895,0.991422514586288,0.9149009549929797
490,Flat Kingdom Deluxe Edition,2,10.38,12.98,0.2003081664098613,0.5,0,0.0,0.0,0.0,,,0.0,0.0,0.0,0.0
281,Enter The Gungeon Collector's Edition,4,22.46,24.96,0.1001602564102564,0.25,0,0.0,0.0,0.0,,,0.0,0.0,0.0,0.0
341,Fossil Echo - Special Edition,2,19.98,24.98,0.200160128102482,0.5,0,0.0,0.0,0.0,,,0.0,0.0,0.0,0.0
1339,12 is Better Than 6 + Soundtrack + Artbook,3,6.77,7.970000000000001,0.1505646173149311,0.3333333333333333,0,0.0,0.0,0.0,,,0.0,0.0,0.0,0.0
539,Faton Bundle,4,2.76,3.96,0.3030303030303031,0.5,0,0.0,0.0,0.0,,,0.0,0.0,0.0,0.0
850,Fasaria World DELUXE EDITION Bundle,3,18.0,44.97,0.5997331554369579,0.3333333333333333,0,0.0,0.0,0.0,,,0.0,0.0,0.0,0.0
1150,Blade Ballet Turntable Edition,2,18.98,19.98,0.05005005005005,0.5,0,0.0,0.0,0.0,,,0.0,0.0,0.0,0.0
585,Where Angels Cry Bundle,2,17.98,19.98,0.1001001001001,1.0,3,3.0,3.0,0.0,1.0,0.0,53.94,2.9460413701137256,2.642391233933647,2.193175735890015
1226,Selma and the Wisp plus Soundtrack,2,10.78,11.98,0.1001669449081803,0.5,0,0.0,0.0,0.0,,,0.0,0.0,0.0,0.0
916,SONAR Platinum with Lifetime Updates - New Users,2,499.98,999.98,0.500010000200004,0.5,0,0.0,0.0,0.0,,,0.0,0.0,0.0,0.0
501,Puzzle Bundle,4,2.47,18.96,0.8697257383966246,1.0,47,47.0,47.0,23.0,1.0,0.48936170212765956,116.09,46.99999963675207,46.99845870700369,46.85865237640905
614,Doodle God & Doodle Kingdom,2,10.78,11.98,0.1001669449081803,1.0,6,6.0,6.0,0.0,1.0,0.0,64.67999999999999,5.500963821036466,4.6111487009941055,3.8739378373547724
441,Quiet River Bundle,2,3.23,4.98,0.3514056224899599,1.0,7,7.0,7.0,0.0,1.0,0.0,22.61,6.794814384740506,5.963669613778174,4.9404951948590785
526,Poo Pack,2,1.58,1.98,0.202020202020202,1.0,31,31.0,31.0,0.0,1.0,0.0,48.980000000000004,21.389208914955987,18.55931746348601,17.044853916686815
262,Guns of Icarus Online + Alliance Collector's Edition Bundle,3,25.17,29.97,0.16016016016016,0.3333333333333333,0,0.0,0.0,0.0,,,0.0,0.0,0.0,0.0
1085,Hanako Yuri Bundle,2,27.98,34.98,0.2001143510577472,1.0,1,1.0,1.0,0.0,1.0,0.0,27.98,0.9999991684719722,0.9990889488055994,0.9706877692486436
929,Alice and Smith - Complete Library,5,38.2,50.95,0.2502453385672227,0.4,0,0.0,0.0,0.0,,,0.0,0.0,0.0,0.0
1275,Uprising Complete,2,9.92,13.98,0.290414878397711,0.0,0,0.0,0.0,0.0,,,0.0,0.0,0.0,0.0
676,NEKOPARA complete edition,3,20.67,22.97,0.1001306051371352,1.0,246,246.0,246.0,0.0,1.0,0.0,5084.820000000001,243.55185674074156,223.58375159034537,186.8396855694813
406,Zeno Archives,2,11.98,19.98,0.4004004004004003,1.0,8,8.0,8.0,0.0,1.0,0.0,95.84,7.999999099718703,7.997317198956269,7.856110320303268
413,M2H Bundle,3,38.67,42.97,0.1000698161508028,1.0,2,2.0,2.0,0.0,1.0,0.0,77.34,1.9996318561900732,1.9732261643446702,1.7913375537619973
305,OPUS: Soundtrack Bundle,2,14.38,15.98,0.1001251564455569,0.5,0,0.0,0.0,0.0,,,0.0,0.0,0.0,0.0
215,"That Dragon, Cancer + Thank You For Playing",2,19.98,24.98,0.200160128102482,0.5,0,0.0,0.0,0.0,,,0.0,0.0,0.0,0.0
974,The Secret Monster Society - Chapter One + Soundtrack,2,7.18,7.98,0.1002506265664161,0.5,0,0.0,0.0,0.0,,,0.0,0.0,0.0,0.0
653,The Real Texas - Dusty Skies Edition,2,17.08,18.98,0.1001053740779769,0.5,0,0.0,0.0,0.0,,,0.0,0.0,0.0,0.0
533,Spakoyno GOTY Edition,2,8.08,8.98,0.1002227171492205,0.5,0,0.0,0.0,0.0,,,0.0,0.0,0.0,0.0
346,"Linea, the Game - Complete Edition",2,2.53,2.98,0.151006711409396,0.5,0,0.0,0.0,0.0,,,0.0,0.0,0.0,0.0
1307,Now You See Me Double Feature,2,27.95,33.28,0.16015625,0.0,0,0.0,0.0,0.0,,,0.0,0.0,0.0,0.0
1303,Spiderweb Software Super-Gigantic Bundle,9,49.71,82.91,0.4004342057652876,0.8888888888888888,0,0.0,0.0,0.0,,,0.0,0.0,0.0,0.0
1156,F1 2016 - Steam Controller Bundle,2,89.98,89.98,0.0,0.5,0,0.0,0.0,0.0,,,0.0,0.0,0.0,0.0
1259,Gone In November Collector's Edition,2,1.58,1.98,0.202020202020202,0.5,0,0.0,0.0,0.0,,,0.0,0.0,0.0,0.0
1265,Mystery Case Files Bundle,7,66.53,73.93,0.1000946841606926,0.5714285714285714,0,0.0,0.0,0.0,,,0.0,0.0,0.0,0.0
1266,SPACE PACK,2,2.68,2.98,0.1006711409395972,0.5,0,0.0,0.0,0.0,,,0.0,0.0,0.0,0.0
1188,DMC4SE Demon Hunter Bundle + DmC Complete Pack,10,70.01,85.4,0.1802107728337236,0.2,0,0.0,0.0,0.0,,,0.0,0.0,0.0,0.0
1190,2016 Capcom Collector's Bundle,37,117.39,300.63,0.6095200079832352,0.2432432432432432,0,0.0,0.0,0.0,,,0.0,0.0,0.0,0.0
1196,Blasting Agent: Ultimate Edition + Original Soundtrack,2,3.98,4.98,0.2008032128514057,0.5,0,0.0,0.0,0.0,,,0.0,0.0,0.0,0.0
1232,Resident Evil 4/5/6,3,60.17,69.97,0.1400600257253108,1.0,394,394.0,394.0,0.0,1.0,0.0,23706.98,393.9999987884973,393.9781532812592,391.08773271035295
1144,Dead Rising Collector's Pack,12,89.98,105.88,0.1501700037778616,0.3333333333333333,0,0.0,0.0,0.0,,,0.0,0.0,0.0,0.0
809,Devil May Cry 4: Special Edition Demon Hunter Bundle,6,35.99,40.44,0.1100395647873391,0.1666666666666666,0,0.0,0.0,0.0,,,0.0,0.0,0.0,0.0
1290,BITRAYS,2,1.91,2.73,0.3003663003663004,1.0,4,4.0,4.0,0.0,1.0,0.0,7.64,3.3501397496772154,2.776945360432122,2.404351515393479
1291,Talisman - 3 Game Bundle,3,31.42,36.97,0.1501217203137678,1.0,5,5.0,5.0,0.0,1.0,0.0,157.10000000000002,4.999924439522795,4.980637982796645,4.706549125039544
1068,The Girl and the Robot - Game + Soundtrack + Art Book,2,11.88,13.98,0.1502145922746781,0.5,0,0.0,0.0,0.0,,,0.0,0.0,0.0,0.0
548,Talisman: The Horus Heresy - Game + Soundtrack,2,18.68,21.98,0.1501364877161055,0.5,0,0.0,0.0,0.0,,,0.0,0.0,0.0,0.0
1289,Rock 'N' Roll Defense - Complete Bundle,2,2.98,3.98,0.2512562814070351,0.5,0,0.0,0.0,0.0,,,0.0,0.0,0.0,0.0
1288,Complex Edition,5,7.6,18.950000000000003,0.5989445910290239,0.6,0,0.0,0.0,0.0,,,0.0,0.0,0.0,0.0
1105,Royal Defense Complete Edition,2,7.18,8.98,0.200445434298441,0.5,0,0.0,0.0,0.0,,,0.0,0.0,0.0,0.0
917,SONAR Platinum with Lifetime Updates - Upgrade,2,399.98,799.98,0.5000125003125078,0.0,0,0.0,0.0,0.0,,,0.0,0.0,0.0,0.0
1274,Tiger & Bunny Movies Bundle,2,23.38,25.98,0.1000769822940724,0.0,0,0.0,0.0,0.0,,,0.0,0.0,0.0,0.0
1267,Doomster Bundle,3,9.87,17.97,0.4507512520868114,1.0,3,3.0,3.0,0.0,1.0,0.0,29.61,2.9999997235920004,2.9990896589099134,2.9486279000528173
1047,Sins of a Solar Empire Gold,6,63.69,84.94,0.2501765952437014,0.3333333333333333,0,0.0,0.0,0.0,,,0.0,0.0,0.0,0.0
1252,Energy Bundle,5,5.55,6.95,0.2014388489208633,0.4,0,0.0,0.0,0.0,,,0.0,0.0,0.0,0.0
1219,Through Abandoned 1 and 2,2,3.98,3.98,1.1158020347991522e-16,1.0,2,2.0,1.0,0.0,0.5,0.0,3.98,1.0,1.0,1.0
1204,4 Arcade Games Bundle + Soundtrack,4,7.7,12.86,0.401244167962675,0.75,0,0.0,0.0,0.0,,,0.0,0.0,0.0,0.0
1207,3 Arcade Games in 1 Bundle: Run Rabbit Run + Sky to Fly,3,7.17,11.97,0.4010025062656642,1.0,4,4.0,4.0,4.0,1.0,1.0,28.68,3.993094816839616,3.8134860426459123,3.122454738001464
936,Alawar Adventure Collection,5,16.15,29.950000000000003,0.4607679465776295,1.0,2,2.0,2.0,0.0,1.0,0.0,32.3,1.9999999999979372,1.9999979687391212,1.9979864583598288
763,Kevin Gold Bundle,2,5.98,7.98,0.2506265664160401,1.0,4,4.0,3.0,2.0,0.75,0.5,17.94,3.0779251624364328,2.8293644096361223,2.4599716276997508
801,Space Bundle,3,2.72,4.47,0.3914988814317672,1.0,159,159.0,137.0,83.0,0.8616352201257862,0.5220125786163522,372.64000000000004,109.41665238219507,100.15070627465697,90.16012913692886
461,Daedalic Adventure Bundle II,5,40.1,72.94999999999999,0.4503084304318025,1.0,17,17.0,17.0,0.0,1.0,0.0,681.7,17.0,16.999999999999908,16.999998749274443
1258,Notch - The Innocent LunA Collection,4,17.56,21.96,0.2003642987249545,0.25,0,0.0,0.0,0.0,,,0.0,0.0,0.0,0.0
1029,The Magnificent Fragments,2,5.34,7.98,0.3308270676691729,1.0,8,8.0,1.0,7.0,0.125,0.875,5.34,1.0035295186830602,1.1989536566987054,2.1599226442405683
813,The Big One,24,14.7,73.26,0.7993447993447993,1.0,9,9.0,9.0,9.0,1.0,1.0,132.29999999999998,6.9831300617366034,5.5649046007158605,5.323417179598508
693,Adam's Venture bundle,3,33.57,41.97,0.2001429592566118,0.3333333333333333,0,0.0,0.0,0.0,,,0.0,0.0,0.0,0.0
275,The Last Door Collector's Edition Bundle,2,17.98,19.98,0.1001001001001,1.0,9,9.0,9.0,0.0,1.0,0.0,161.82,8.838124110341177,7.927173701800941,6.579527207670044
365,The Deed Collection,2,1.98,3.98,0.5025125628140704,1.0,20,20.0,19.0,17.0,0.95,0.85,37.62,18.151238600295038,14.915090708646243,11.94130165669949
169,The Jackbox Bundle,2,44.98,49.98,0.1000400160064025,1.0,265,265.0,265.0,0.0,1.0,0.0,11919.699999999999,264.98796956479384,263.22639450506455,244.8975822943705
259,FORCED SHOWDOWN Deluxe,4,35.96,39.96,0.1001001001001,0.25,0,0.0,0.0,0.0,,,0.0,0.0,0.0,0.0
1213,Red vs. Blue Seasons 11-13,3,20.97,29.97,0.3003003003003003,0.0,0,0.0,0.0,0.0,,,0.0,0.0,0.0,0.0
1231,The Healthy Profits Bundle,2,27.88,30.98,0.1000645577792123,0.5,0,0.0,0.0,0.0,,,0.0,0.0,0.0,0.0
879,Furi + OST Combo Pack,2,33.98,39.98,0.1500750375187594,0.5,0,0.0,0.0,0.0,,,0.0,0.0,0.0,0.0
977,Puzzle Box - Game + DLC Pack #2,2,11.18,13.98,0.2002861230329042,0.5,0,0.0,0.0,0.0,,,0.0,0.0,0.0,0.0
611,1917 - The Alien Invasion - Game + OST Pack #1,2,5.58,6.98,0.2005730659025788,0.5,0,0.0,0.0,0.0,,,0.0,0.0,0.0,0.0
297,XiNFiNiTY Games Studio Pack #1,2,4.88,6.98,0.3008595988538682,1.0,7,7.0,6.0,1.0,0.8571428571428571,0.14285714285714285,29.28,5.988728148541108,5.667414582551724,4.934985684309426
93,Mad Max: Game + Fury Road,2,53.98,59.98,0.1000333444481495,1.0,2,2.0,2.0,0.0,1.0,0.0,107.96,1.9999877116507956,1.9950547536867307,1.9051482536448667
1233,Hexoscope Collector's Edition,3,2.67,2.97,0.1010101010101009,0.3333333333333333,0,0.0,0.0,0.0,,,0.0,0.0,0.0,0.0
995,8DAYS + OST,2,14.38,15.98,0.1001251564455569,0.5,0,0.0,0.0,0.0,,,0.0,0.0,0.0,0.0
421,Herrero Games,3,2.47,4.97,0.5030181086519114,1.0,6,6.0,6.0,0.0,1.0,0.0,14.82,5.959842894454292,5.544850919872539,4.663799167048147
337,Retool Special Edition,2,10.78,11.98,0.1001669449081803,0.5,0,0.0,0.0,0.0,,,0.0,0.0,0.0,0.0
353,Civilization VI + Steam Controller Bundle,2,89.98,89.98,0.0,0.0,0,0.0,0.0,0.0,,,0.0,0.0,0.0,0.0
1007,Search & Kill + GabeN Simulator,2,6.29,6.99,0.1001430615164521,1.0,5,5.0,5.0,0.0,1.0,0.0,31.45,4.0109194427929085,3.340938860840831,2.9330878945866505
1071,Tom Clancy's The Division - Streets of New York Outfit Bundle,4,14.96,19.96,0.250501002004008,0.0,0,0.0,0.0,0.0,,,0.0,0.0,0.0,0.0
893,2 Best Quest Games Bundle,2,10.48,14.98,0.3004005340453938,1.0,10,10.0,10.0,0.0,1.0,0.0,104.80000000000001,9.998766054240138,9.890130573694067,9.046505351008905
913,Mind Spheres Deluxe Edition,2,2.23,2.98,0.2516778523489933,0.5,0,0.0,0.0,0.0,,,0.0,0.0,0.0,0.0
651,The Samurai Jazz Series,2,1.48,1.98,0.2525252525252525,1.0,29,29.0,29.0,0.0,1.0,0.0,42.92,21.20069878027014,18.05132060485378,16.303118525688145
479,Elements 'Souls & Hearts' Bundle,3,3.0,14.97,0.7995991983967936,0.6666666666666666,0,0.0,0.0,0.0,,,0.0,0.0,0.0,0.0
1247,The Sims 3 Bundle,4,49.56,79.96,0.3801900950475236,0.25,0,0.0,0.0,0.0,,,0.0,0.0,0.0,0.0
505,16Bit Nights Bundle,3,1.72,3.97,0.5667506297229219,1.0,68,68.0,68.0,0.0,1.0,0.0,116.96,67.25288790111966,61.516236386860555,51.334219106998724
1250,Karma Miwa + Genius Greedy Mouse Studio Pack #1,2,6.38,7.98,0.2005012531328321,1.0,0,0.0,0.0,0.0,,,0.0,0.0,0.0,0.0
1146,8-Bit Armies & Hordes,5,25.15,41.95,0.4004767580452921,0.4,0,0.0,0.0,0.0,,,0.0,0.0,0.0,0.0
1147,8-Bit Hordes Complete Edition,2,16.13,18.98,0.1501580611169653,0.5,0,0.0,0.0,0.0,,,0.0,0.0,0.0,0.0
1021,Back To Basics Sci Fi Bundle,7,3.78,6.93,0.4545454545454545,1.0,7,7.0,0.0,7.0,0.0,1.0,0.0,0.1614626274374615,1.3943553665823463,2.819245761762805
560,Devolver Digital + XSplit Streamer Pack,3,29.97,39.97,0.2501876407305479,0.6666666666666666,0,0.0,0.0,0.0,,,0.0,0.0,0.0,0.0
1243,Bad Company 2 Bundle,3,29.9,40.97,0.2701977056382719,0.3333333333333333,0,0.0,0.0,0.0,,,0.0,0.0,0.0,0.0
1245,More Spore,3,40.17,59.97,0.3301650825412706,1.0,1454,1454.0,1454.0,0.0,1.0,0.0,58407.18,1454.0,1453.999996339557,1453.9270496725496
951,Command & Conquer Pack,5,71.2,94.95,0.2501316482359135,1.0,149,149.0,149.0,0.0,1.0,0.0,10608.800000000001,149.0,148.99999999277742,148.99896262381873
1241,Keep Talking and Nobody Explodes + Soundtrack,2,19.78,21.98,0.100090991810737,0.5,0,0.0,0.0,0.0,,,0.0,0.0,0.0,0.0
1215,Enigmatis Collection,3,24.87,29.97,0.1701701701701701,1.0,6,6.0,3.0,3.0,0.5,0.5,74.61,2.999946077300333,2.9902785067831523,2.8905878533931344
1217,Reigns: Collector's Edition,4,5.96,5.96,0.0,0.25,0,0.0,0.0,0.0,,,0.0,0.0,0.0,0.0
1228,Space Ribbon Soundtrack Bundle,2,9.84,16.98,0.4204946996466431,0.5,0,0.0,0.0,0.0,,,0.0,0.0,0.0,0.0
1009,EA Racing Pack,5,58.45,89.94999999999999,0.3501945525291827,1.0,180,180.0,180.0,0.0,1.0,0.0,10521.0,180.0,179.99999999999625,179.9999739903593
1206,Fatshark Bundle,10,55.4,110.9,0.5004508566275924,0.4,0,0.0,0.0,0.0,,,0.0,0.0,0.0,0.0
1229,Overlord: Ultimate Evil Collection,4,35.16,43.96,0.2001819836214741,1.0,22,22.0,22.0,0.0,1.0,0.0,773.52,21.999999500149894,21.996684372122687,21.733174430345965
1046,Ashes of the Singularity Gold,7,50.93,67.93,0.2502576181363168,0.1428571428571428,0,0.0,0.0,0.0,,,0.0,0.0,0.0,0.0
456,The Ultimate Driving Test Success Bundle,4,21.96,43.96,0.5004549590536852,0.0,0,0.0,0.0,0.0,,,0.0,0.0,0.0,0.0
1208,Dark Parables Pack,7,82.73,91.93,0.1000761448928532,1.0,1,1.0,1.0,0.0,1.0,0.0,82.73,0.9999999897910393,0.9998989708060922,0.9900481981330957
704,Special Bundle,3,4.97,9.97,0.501504513540622,1.0,1,1.0,1.0,0.0,1.0,0.0,4.97,0.9999546021312976,0.9933071490757153,0.9241418199787566
1216,Alawar games pack!,15,66.35,94.85,0.3004744333157618,1.0,2,2.0,2.0,2.0,1.0,1.0,132.7,2.0,1.9999999932026253,1.9998821224319139
1183,Classic Collection,5,14.35,23.950000000000003,0.4008350730688936,1.0,0,0.0,0.0,0.0,,,0.0,0.0,0.0,0.0
799,Lucius Complete Set,3,29.72,34.97,0.1501286817271947,1.0,9,9.0,9.0,0.0,1.0,0.0,267.48,8.999752178779968,8.953018868757974,8.392079779743339
1211,"Red vs. Blue (Blood Gulch Chronicles, Vol. 1-5)",5,34.95,49.95,0.3003003003003003,0.0,0,0.0,0.0,0.0,,,0.0,0.0,0.0,0.0
1212,Red vs. Blue Volumes 6-10,5,34.95,49.95,0.3003003003003003,0.0,0,0.0,0.0,0.0,,,0.0,0.0,0.0,0.0
1189,Handsome Mr. Frog - Game and Soundtrack,2,1.78,1.98,0.101010101010101,0.5,0,0.0,0.0,0.0,,,0.0,0.0,0.0,0.0
650,The Next World: Exploration Bundle,3,19.17,23.97,0.2002503128911137,0.3333333333333333,0,0.0,0.0,0.0,,,0.0,0.0,0.0,0.0
1194,Sky To Fly: 2 in 1  Steampunk Games Bundle,2,6.38,7.98,0.2005012531328321,1.0,4,4.0,0.0,4.0,0.0,1.0,0.0,0.006646210563603596,0.16163643005142986,0.7289574986307936
1182,Doorways: All Chapters Collection,3,29.97,39.97,0.2501876407305479,1.0,60,60.0,60.0,0.0,1.0,0.0,1798.1999999999998,59.999999876330776,59.99727612787785,59.59842894454292
1151,Run Rabbit Run Super Game Bundle + Soundtrack,2,3.9,4.88,0.2008196721311475,0.5,0,0.0,0.0,0.0,,,0.0,0.0,0.0,0.0
552,Disorder + Soundtrack,2,11.98,14.98,0.2002670226969292,0.5,0,0.0,0.0,0.0,,,0.0,0.0,0.0,0.0
434,OtakuMaker Studio Pack - Adventure #1,4,16.76,20.96,0.2003816793893129,1.0,1,1.0,0.0,1.0,0.0,1.0,0.0,0.006540350973580597,0.08120386046094312,0.19503388220555698
516,Survivor Squad Complete,2,11.68,17.98,0.3503893214682981,1.0,32,32.0,25.0,7.0,0.78125,0.21875,292.0,25.081701754019527,25.803961552061644,26.197158850383314
1052,Ghost Sweeper + Dyna Bomb Studio Pack #1,2,7.98,9.98,0.2004008016032064,1.0,1,1.0,1.0,0.0,1.0,0.0,7.98,0.9820137900379085,0.8807970779778823,0.7310585786300049
384,The Solus Project + The Ball,2,23.98,29.98,0.2001334222815209,1.0,32,32.0,32.0,0.0,1.0,0.0,767.36,31.99980338641273,31.92087605898769,30.482372058317868
1028,The Pixeljam Collection,9,25.37,37.91,0.3307834344500132,0.5555555555555556,0,0.0,0.0,0.0,,,0.0,0.0,0.0,0.0
1158,DOOM + Steam Controller Bundle,2,89.98,89.98,0.0,0.5,0,0.0,0.0,0.0,,,0.0,0.0,0.0,0.0
1084,Near Death Soundtrack Edition,2,19.99,22.98,0.1301131418624892,0.5,0,0.0,0.0,0.0,,,0.0,0.0,0.0,0.0
941,Rising Islands Collector's Edition,3,14.97,19.97,0.2503755633450174,0.3333333333333333,0,0.0,0.0,0.0,,,0.0,0.0,0.0,0.0
1104,Dungeon Escape - Soundtrack Edition,2,4.23,4.98,0.1506024096385542,0.5,0,0.0,0.0,0.0,,,0.0,0.0,0.0,0.0
1143,Depth Hunter - GAME AND 3 DLC,4,16.16,26.96,0.400593471810089,0.25,0,0.0,0.0,0.0,,,0.0,0.0,0.0,0.0
872,System Crash Deluxe Edition,2,19.98,19.98,0.0,0.0,0,0.0,0.0,0.0,,,0.0,0.0,0.0,0.0
344,SAMOLIOTIK DELUXE EDITION,2,1.38,1.98,0.3030303030303031,0.5,0,0.0,0.0,0.0,,,0.0,0.0,0.0,0.0
364,Developer Alliance Pack 2,4,2.4,29.96,0.9198931909212285,1.0,21,21.0,12.0,18.0,0.5714285714285714,0.8571428571428571,28.799999999999997,12.932301925501266,14.020194859654053,15.037120361007227
1138,8Floor Hidden Object Bundle,3,14.21,17.77,0.2003376477208778,1.0,19,19.0,19.0,0.0,1.0,0.0,269.99,18.984645849654935,18.474603975866362,16.258240452280145
1140,Check vs Mate - Grandmaster Edition,3,25.47,33.97,0.2502207830438622,0.3333333333333333,0,0.0,0.0,0.0,,,0.0,0.0,0.0,0.0
1141,Battle vs Chess - Grandmaster Edition,2,10.48,13.98,0.2503576537911302,0.0,0,0.0,0.0,0.0,,,0.0,0.0,0.0,0.0
1132,Swords and Blasters bundle,4,7.76,12.96,0.4012345679012346,0.75,0,0.0,0.0,0.0,,,0.0,0.0,0.0,0.0
1102,Kindred Spirits on the Roof Drama CD Collection,4,41.36,45.96,0.1000870322019147,1.0,2,2.0,0.0,2.0,0.0,1.0,0.0,0.0018221022210730138,0.058607193377934394,0.2917637365114959
1103,Kindred Spirits Complete Collection,5,72.85,80.95,0.1000617665225448,1.0,2,2.0,2.0,2.0,1.0,1.0,145.7,1.9981777136748085,1.9408036967407767,1.678984370554614
1130,Princess.Loot.Pixel.Again + Soundtrack!,2,5.38,5.98,0.1003344481605352,1.0,17,17.0,17.0,0.0,1.0,0.0,91.46,13.064921319483298,10.976157205838522,9.765522785798204
1131,"""Bye-Bye, Wacky Planet"": Shoot and Dance Edition",2,5.93,6.98,0.1504297994269341,0.5,0,0.0,0.0,0.0,,,0.0,0.0,0.0,0.0
709,Higurashi When They Cry Hou,3,21.97,21.97,0.0,1.0,18,18.0,9.0,0.0,0.5,0.0,197.73,9.0,9.0,9.0
1128,Airport Madness Collection,4,30.36,37.96,0.2002107481559536,1.0,0,0.0,0.0,0.0,,,0.0,0.0,0.0,0.0
1107,HOG bundle of bundles!,5,35.95,44.95,0.200222469410456,1.0,4,4.0,2.0,2.0,0.5,0.5,71.9,1.999999969540041,1.9997532176445634,1.9781427284220374
1116,OtakuMaker Studio Pack - Adventure #2,4,13.56,16.96,0.2004716981132075,1.0,0,0.0,0.0,0.0,,,0.0,0.0,0.0,0.0
1121,Pristine World: Deluxe Edition,2,7.18,8.98,0.200445434298441,0.5,0,0.0,0.0,0.0,,,0.0,0.0,0.0,0.0
1110,Neon Warp + Impossible Quest Studio Pack #1,2,3.98,4.98,0.2008032128514057,1.0,1,1.0,1.0,0.0,1.0,0.0,3.98,0.8807970779778823,0.7310585786300049,0.6224593312018546
437,Fort Defense Complete Edition,3,9.57,11.97,0.2005012531328321,0.3333333333333333,0,0.0,0.0,0.0,,,0.0,0.0,0.0,0.0
914,Small World 2 - Complete Bundle,4,14.66,20.96,0.3005725190839695,0.25,0,0.0,0.0,0.0,,,0.0,0.0,0.0,0.0
990,EVIL MAZE RAINBOW BUNDLE,2,3.5,4.38,0.2009132420091324,0.5,0,0.0,0.0,0.0,,,0.0,0.0,0.0,0.0
549,Angry Video Game Nerd Adventures + Soundtrack,2,11.98,14.98,0.2002670226969292,0.5,0,0.0,0.0,0.0,,,0.0,0.0,0.0,0.0
946,Quadrilateral Cowboy Deluxe Edition,2,28.81,30.98,0.0700451904454486,0.5,0,0.0,0.0,0.0,,,0.0,0.0,0.0,0.0
984,Epic Manager - Deluxe Edition,2,21.58,23.98,0.1000834028356963,0.5,0,0.0,0.0,0.0,,,0.0,0.0,0.0,0.0
399,Interstellar Bundle,4,2.79,6.46,0.5681114551083591,1.0,79,79.0,5.0,79.0,0.06329113924050633,1.0,13.95,34.454377968999204,35.05502530875662,36.211866927455
1056,OtakuMaker Studio Pack - Latest Bundle #2,4,12.76,15.96,0.2005012531328321,1.0,0,0.0,0.0,0.0,,,0.0,0.0,0.0,0.0
1053,OtakuMaker Studio Pack - Part #3,6,17.94,23.94,0.2506265664160401,1.0,0,0.0,0.0,0.0,,,0.0,0.0,0.0,0.0
1054,OtakuMaker Studio Pack - Shoot'Em Up #1,4,11.16,13.96,0.2005730659025788,1.0,0,0.0,0.0,0.0,,,0.0,0.0,0.0,0.0
1055,OtakuMaker Studio Pack - Latest Bundle #1,4,17.56,21.96,0.2003642987249545,1.0,1,1.0,0.0,1.0,0.0,1.0,0.0,0.07192461320448718,0.2705579360474197,0.38051673382387197
1033,Extravaganza Rising Bundle,2,7.63,8.98,0.1503340757238307,0.5,0,0.0,0.0,0.0,,,0.0,0.0,0.0,0.0
1040,Alber's - Studio Pack #2,3,4.47,5.970000000000001,0.2512562814070353,1.0,7,7.0,7.0,7.0,1.0,1.0,31.29,4.938199383991695,3.857934447232973,3.332213269211054
1041,DreamBreak- Soviet Bloc Edition,2,10.43,10.98,0.0500910746812386,0.5,0,0.0,0.0,0.0,,,0.0,0.0,0.0,0.0
1034,Triangle Studios Bundle,3,25.57,31.97,0.2001876759461995,1.0,3,3.0,3.0,0.0,1.0,0.0,76.71000000000001,2.999991717705149,2.9950235967594767,2.882502831609707
962,I am Setsuna Collector's Edition,2,49.48,54.98,0.1000363768643144,0.5,0,0.0,0.0,0.0,,,0.0,0.0,0.0,0.0
963,DnS Complete Bundle,4,23.96,29.96,0.2002670226969292,1.0,23,23.0,23.0,0.0,1.0,0.0,551.08,22.99985868398415,22.943129667397404,21.909204916915968
865,The Assembly Complete (VR+Non-VR),2,29.99,29.99,0.0,0.5,0,0.0,0.0,0.0,,,0.0,0.0,0.0,0.0
1013,Press X to Not Die: Special Edition,2,3.58,3.98,0.1005025125628141,0.5,0,0.0,0.0,0.0,,,0.0,0.0,0.0,0.0
1024,Ocean Word Blast Bundle,2,6.68,9.98,0.3306613226452906,1.0,0,0.0,0.0,0.0,,,0.0,0.0,0.0,0.0
853,Bulb Boy + Soundtrack Bundle,2,11.68,12.98,0.1001540832049307,0.5,0,0.0,0.0,0.0,,,0.0,0.0,0.0,0.0
949,Talentplace bundle,3,4.47,8.97,0.5016722408026757,1.0,18,18.0,18.0,0.0,1.0,0.0,80.46,17.997778897632248,17.80223503264932,16.28370963181603
1008,Search & Kill + GabeN Simulator + Portal Mode,3,7.1,7.890000000000001,0.1001267427122941,0.6666666666666666,0,0.0,0.0,0.0,,,0.0,0.0,0.0,0.0
580,FE Ultimate Bundle,10,9.02,36.03,0.7496530668887039,1.0,9,9.0,9.0,0.0,1.0,0.0,81.17999999999999,9.0,8.999999999983253,8.999987722924153
1003,3DMark + PCMark 8,2,59.98,79.98,0.2500625156289073,0.5,0,0.0,0.0,0.0,,,0.0,0.0,0.0,0.0
509,Push Me Pull You + Soundtrack,2,17.08,18.98,0.1001053740779769,0.5,0,0.0,0.0,0.0,,,0.0,0.0,0.0,0.0
362,Eidos Anthology,89,224.61,450.11,0.5009886472195685,0.3932584269662921,0,0.0,0.0,0.0,,,0.0,0.0,0.0,0.0
808,Digital Homicide Super Bundle,21,3.19,28.79,0.8891976380687738,1.0,1,1.0,1.0,0.0,1.0,0.0,3.19,1.0,0.9999999999923781,0.9999972392350497
983,Supergiant Collection,4,49.46,54.96,0.1000727802037845,0.5,0,0.0,0.0,0.0,,,0.0,0.0,0.0,0.0
833,RPG Heroes Summer Bundle,11,10.4,51.89,0.7995760262092889,1.0,170,170.0,170.0,56.0,1.0,0.32941176470588235,1768.0,169.99999999999375,169.99998615190282,169.9794534726284
480,Platformer Bundle by New Reality Games,5,3.45,6.95,0.5035971223021583,1.0,27,27.0,0.0,27.0,0.0,1.0,0.0,4.629451177244011,8.744734255702184,11.680639503820297
482,Super Mega Bundle by New Reality Games,9,5.63,10.91,0.4839596700274977,1.0,27,27.0,27.0,27.0,1.0,1.0,152.01,22.388888343452116,18.580151255843152,16.1576844397154
897,Leviathan: Behemoth Pack,4,24.46,34.96,0.3003432494279176,0.5,0,0.0,0.0,0.0,,,0.0,0.0,0.0,0.0
575,Sid Meier's Civilization V: Complete,16,49.33,149.34,0.669679925003348,0.0625,0,0.0,0.0,0.0,,,0.0,0.0,0.0,0.0
961,Digital Melody Bundle,4,2.98,4.46,0.3318385650224215,1.0,12,12.0,12.0,0.0,1.0,0.0,35.76,11.40880792699168,9.774870968484214,8.123950274862276
668,Hiiro Collector's Edition,2,3.38,3.98,0.1507537688442212,0.5,0,0.0,0.0,0.0,,,0.0,0.0,0.0,0.0
884,Anarcute - Soundtrack Edition,2,16.36,17.98,0.0901001112347052,0.5,0,0.0,0.0,0.0,,,0.0,0.0,0.0,0.0
926,Leviathan: The Last Day of the Decade - Game + Soundtrack,2,15.18,18.98,0.2002107481559536,0.5,0,0.0,0.0,0.0,,,0.0,0.0,0.0,0.0
948,Siberian Digital Complete Pack,8,23.92,29.92,0.2005347593582887,0.625,0,0.0,0.0,0.0,,,0.0,0.0,0.0,0.0
543,"Warhammer 40,000: Armageddon - Imperium Complete",7,46.79,65.93,0.2903079023206432,0.1428571428571428,0,0.0,0.0,0.0,,,0.0,0.0,0.0,0.0
925,Leviathan: The Cargo - Game + Soundtrack,2,13.58,15.98,0.1501877346683354,0.5,0,0.0,0.0,0.0,,,0.0,0.0,0.0,0.0
823,Devolver Digital First-Person Shooter Bundle,3,74.97,99.97,0.250075022506752,1.0,62,62.0,59.0,3.0,0.9516129032258065,0.04838709677419355,4423.23,59.00007181539785,59.014606792911884,59.195906080779565
330,TransOcean Games Bundle,2,30.21,38.73,0.2199845081332299,1.0,5,5.0,5.0,0.0,1.0,0.0,151.05,4.999999801119586,4.999003001713945,4.9303717984674975
955,Casual Games Bundle,9,17.41,24.91,0.3010839020473705,1.0,5,5.0,5.0,5.0,1.0,1.0,87.05,4.959086429311087,4.564043797283793,3.696838207848984
957,Double Fine Bundle,17,99.52,199.21,0.5004266854073591,0.6470588235294118,0,0.0,0.0,0.0,,,0.0,0.0,0.0,0.0
802,God Bundle,5,4.55,12.95,0.6486486486486486,1.0,34,34.0,24.0,26.0,0.7058823529411765,0.7647058823529411,109.19999999999999,26.289267343759054,25.517343029062673,23.890239924880653
954,Horror Games Bundle,3,15.27,17.97,0.1502504173622704,1.0,20,20.0,15.0,5.0,0.75,0.25,229.04999999999998,15.023624213605354,14.88358682992698,13.83925363570577
956,Big Adventure Games Pack,11,28.39,37.89,0.2507257851675903,0.9090909090909092,0,0.0,0.0,0.0,,,0.0,0.0,0.0,0.0
804,SHMUPers Bundle,3,1.54,13.97,0.889763779527559,1.0,162,162.0,153.0,21.0,0.9444444444444444,0.12962962962962962,235.62,155.23475102316704,156.3296511194113,155.12297794929046
398,JRPG Love Happiness Bundle,6,4.32,11.94,0.6381909547738693,1.0,156,156.0,147.0,75.0,0.9423076923076923,0.4807692307692308,635.0400000000001,148.83361376472578,149.31696908088577,144.89875072940401
403,Monster Mayhem Bundle,9,6.93,20.91,0.6685796269727403,1.0,16,16.0,5.0,15.0,0.3125,0.9375,34.65,6.184076478603281,7.51972161364557,8.72258896751437
944,Bump in the night,3,11.97,23.97,0.5006257822277846,1.0,7,7.0,7.0,0.0,1.0,0.0,83.79,6.99999999973574,6.999956990777784,6.9826916379035575
871,Tetradecagon + Soundtrack,2,5.98,5.98,0.0,0.5,0,0.0,0.0,0.0,,,0.0,0.0,0.0,0.0
395,Fun with Physics Bundle,5,3.0,11.95,0.7489539748953975,1.0,17,17.0,17.0,16.0,1.0,0.9411764705882353,51.0,16.02791373984787,14.714984168229156,13.303910435299015
934,Puzzle Game - Starter Pack,2,17.83,20.98,0.1501429933269781,1.0,1,1.0,1.0,0.0,1.0,0.0,17.83,0.9981670610575072,0.958908721799535,0.8284952300245991
920,Ninja Bundle,2,0.99,2.98,0.6677852348993288,1.0,2,2.0,2.0,0.0,1.0,0.0,1.98,1.9633142186045134,1.7594862750644982,1.4601487679622376
877,Space Pilgrim Saga,4,3.21,6.46,0.5030959752321982,1.0,76,76.0,76.0,17.0,1.0,0.2236842105263158,243.96,75.22856171871086,70.55525936198644,59.99239749530337
624,Axyos Games Bundle,2,8.08,8.98,0.1002227171492205,0.5,0,0.0,0.0,0.0,,,0.0,0.0,0.0,0.0
678,The Odaiba Box,2,80.98,89.98,0.1000222271615914,1.0,1,1.0,1.0,0.0,1.0,0.0,80.98,0.9999999847700205,0.9998766054240137,0.9890130573694068
832,Dogenzaka Lab VN set,4,38.21,42.46,0.1000942063118228,1.0,1,1.0,1.0,0.0,1.0,0.0,38.21,0.9997965730219448,0.9859363729567544,0.8933094060543487
520,Awesomenauts - Announcer Pack,9,25.81,36.91,0.3007315090761312,0.0,0,0.0,0.0,0.0,,,0.0,0.0,0.0,0.0
876,The Weird Collection,3,20.97,27.97,0.2502681444404719,0.6666666666666666,0,0.0,0.0,0.0,,,0.0,0.0,0.0,0.0
701,onechanbara Z2 :Chaos All DLC Bundle,37,54.53,60.63,0.1006102589477156,0.0,0,0.0,0.0,0.0,,,0.0,0.0,0.0,0.0
896,RWBY Video Bundle,3,23.37,25.97,0.1001155179052752,1.0,6,6.0,6.0,5.0,1.0,0.8333333333333334,140.22,5.9399500645253385,5.2841874070006325,4.021950371626514
868,RWBY Game and Video Bundle,4,45.96,45.96,0.0,1.0,5,5.0,0.0,5.0,0.0,1.0,0.0,0.027281818287605723,0.32333708635092934,0.8819497309250968
837,Megadimension Neptunia VII Digital Complete Set,14,84.46,93.86,0.1001491583209035,0.0714285714285714,0,0.0,0.0,0.0,,,0.0,0.0,0.0,0.0
700,Megadimension Neptunia VII DLC Collection,12,30.48,33.88,0.1003541912632822,0.0,0,0.0,0.0,0.0,,,0.0,0.0,0.0,0.0
510,Lost Sea Game + Soundtrack,2,16.98,19.98,0.1501501501501501,0.5,0,0.0,0.0,0.0,,,0.0,0.0,0.0,0.0
855,Meridian4 Latest Bundle,5,33.7,44.95,0.25027808676307,0.8,0,0.0,0.0,0.0,,,0.0,0.0,0.0,0.0
854,Meridian4 Action-Adventure Bundle,5,23.95,31.950000000000003,0.2503912363067294,1.0,22,22.0,22.0,0.0,1.0,0.0,526.9,21.999997524226433,21.99262229712974,21.604303380833986
852,Grab The Games Mixed Bundle,9,18.66,37.41,0.5012028869286288,1.0,2,2.0,2.0,1.0,1.0,0.5,37.32,1.999999999999627,1.9999994095764948,1.999147432577686
805,Triple Rusk,3,16.97,19.97,0.1502253380070105,1.0,0,0.0,0.0,0.0,,,0.0,0.0,0.0,0.0
839,Inuyasha Movies Bundle,4,35.96,39.96,0.1001001001001,0.0,0,0.0,0.0,0.0,,,0.0,0.0,0.0,0.0
861,Grey Alien Games Collection,2,14.98,19.98,0.2502502502502503,1.0,2,2.0,2.0,0.0,1.0,0.0,29.96,1.9999092042625952,1.9866142981514305,1.848283639957513
859,7 Mages Complete,2,15.02,15.98,0.0600750938673342,0.5,0,0.0,0.0,0.0,,,0.0,0.0,0.0,0.0
844,GameArt Studio Complete the Set,7,20.93,41.93,0.5008347245409015,0.5714285714285714,0,0.0,0.0,0.0,,,0.0,0.0,0.0,0.0
845,GameArt Studio All Games,7,20.93,41.93,0.5008347245409015,0.5714285714285714,0,0.0,0.0,0.0,,,0.0,0.0,0.0,0.0
846,A.I. Invasion Full Pack,2,9.58,11.98,0.2003338898163606,0.5,0,0.0,0.0,0.0,,,0.0,0.0,0.0,0.0
843,Quantum Rush Champions Full Pack,3,12.77,15.97,0.200375704445836,0.3333333333333333,0,0.0,0.0,0.0,,,0.0,0.0,0.0,0.0
851,Aselia the Eternal + Soundtrack,2,18.38,22.98,0.2001740644038294,0.5,0,0.0,0.0,0.0,,,0.0,0.0,0.0,0.0
425,tinyBuild Mega 2016 Bundle,5,63.51,66.85,0.0499626028421839,1.0,16,16.0,16.0,0.0,1.0,0.0,1016.16,15.97993275244645,15.452413476921665,13.465213138480708
824,FFG Mega Bundle,9,20.91,29.910000000000004,0.3009027081243732,0.4444444444444444,0,0.0,0.0,0.0,,,0.0,0.0,0.0,0.0
380,The Infinity Collection,8,83.92,119.92,0.3002001334222814,0.375,0,0.0,0.0,0.0,,,0.0,0.0,0.0,0.0
755,Rainbow Six Bundle,5,80.95,89.95,0.1000555864369093,1.0,46,46.0,46.0,0.0,1.0,0.0,3723.7000000000003,45.99999929942094,45.99432384950463,45.494600638992715
759,Might and Magic Heroes Bundle,4,33.71,44.96,0.2502224199288256,1.0,61,61.0,61.0,0.0,1.0,0.0,2056.31,60.999999989679424,60.99920656516354,60.78079024253337
810,Gabe Newell Simulator + Portal Mode,2,3.31,3.9,0.1512820512820512,0.5,0,0.0,0.0,0.0,,,0.0,0.0,0.0,0.0
781,Studio Evil Bundle,2,25.48,29.98,0.1501000667111406,1.0,0,0.0,0.0,0.0,,,0.0,0.0,0.0,0.0
760,Ubisoft Arcade Bundle,7,97.43,129.93,0.250134687908874,1.0,1,1.0,1.0,0.0,1.0,0.0,97.43,1.0,0.9999999999999922,0.9999999123575255
708,The Dope Game: Dope Fiend Edition,2,2.68,2.98,0.1006711409395972,0.5,0,0.0,0.0,0.0,,,0.0,0.0,0.0,0.0
730,Dead Star Bundle,4,25.56,31.96,0.2002503128911139,0.25,0,0.0,0.0,0.0,,,0.0,0.0,0.0,0.0
757,Assassin's Creed Bundle,4,125.96,139.95999999999998,0.1000285795941696,1.0,74,74.0,74.0,0.0,1.0,0.0,9321.039999999999,73.99999999994883,73.99993846692594,73.93258221161436
697,Affairs of the Court - Deluxe Edition,4,6.71,8.96,0.2511160714285715,0.25,0,0.0,0.0,0.0,,,0.0,0.0,0.0,0.0
747,SOEDESCO bundle,4,26.36,32.96,0.200242718446602,1.0,0,0.0,0.0,0.0,,,0.0,0.0,0.0,0.0
687,Ultimate Chicken Horse - Soundtrack Edition,2,22.48,24.98,0.100080064051241,0.5,0,0.0,0.0,0.0,,,0.0,0.0,0.0,0.0
577,Homeworld Remastered Collection and Deserts of Kharak Bundle,2,63.73,84.98,0.2500588373734997,1.0,134,134.0,134.0,0.0,1.0,0.0,8539.82,134.0,133.99999992086893,133.9967437677404
569,Best of HeroCraft - Developer Bundle,6,40.44,53.94,0.25027808676307,0.8333333333333334,0,0.0,0.0,0.0,,,0.0,0.0,0.0,0.0
532,Shadowrun Complete Collection,5,55.95,69.95,0.2001429592566118,0.6,0,0.0,0.0,0.0,,,0.0,0.0,0.0,0.0
728,Fruitbat Factory Publisher Bundle,24,120.96,151.26,0.2003173343911146,0.4166666666666667,0,0.0,0.0,0.0,,,0.0,0.0,0.0,0.0
782,Omnidream Creations Shmup Pack,2,9.73,12.98,0.2503852080123266,1.0,0,0.0,0.0,0.0,,,0.0,0.0,0.0,0.0
798,Runestone Keeper and Soundtrack,2,11.68,12.98,0.1001540832049307,0.5,0,0.0,0.0,0.0,,,0.0,0.0,0.0,0.0
789,Steam Controller and Link,2,89.98,99.98,0.1000200040008001,0.0,0,0.0,0.0,0.0,,,0.0,0.0,0.0,0.0
647,Dancing Dragon RPG Complete,4,33.96,39.96,0.1501501501501501,1.0,6,6.0,6.0,0.0,1.0,0.0,203.76,5.999963134952386,5.985164261060192,5.7154447609346
383,Telltale Collection,49,253.07,377.81,0.3301659564331278,0.9375,0,0.0,0.0,0.0,,,0.0,0.0,0.0,0.0
695,Breached: Futurist edition,3,6.53,6.869999999999999,0.0494905385735078,0.3333333333333333,0,0.0,0.0,0.0,,,0.0,0.0,0.0,0.0
464,Hidden Object Bundle,7,18.53,30.93,0.4009052699644357,1.0,2,2.0,2.0,0.0,1.0,0.0,37.06,1.9999999999660742,1.99999176285651,1.9959493592219002
751,Fantasy Worlds Bundle,4,27.96,39.96,0.3003003003003003,1.0,15,15.0,15.0,2.0,1.0,0.13333333333333333,419.40000000000003,14.99999999943373,14.999907837375517,14.96290530964107
778,Townopolis Romopolis Megapolis Collection,3,10.17,11.97,0.1503759398496241,1.0,19,19.0,6.0,13.0,0.3157894736842105,0.6842105263157895,61.019999999999996,5.844360418520498,5.4346725403161145,6.377599953464618
779,Hero of the Kingdom Collection,2,8.53,9.48,0.1002109704641351,1.0,59,59.0,46.0,13.0,0.7796610169491526,0.22033898305084745,392.38,40.01853381703962,33.41353550327465,30.27981977092416
780,Eador Series Bundle,4,42.46,49.96,0.1501200960768613,0.5,0,0.0,0.0,0.0,,,0.0,0.0,0.0,0.0
749,Fearsome Shadows Bundle,4,27.96,39.96,0.3003003003003003,1.0,3,3.0,3.0,3.0,1.0,1.0,83.88,2.999999999886744,2.999981515068871,2.9922875875836423
752,Detective Stories Bundle,4,27.96,39.96,0.3003003003003003,1.0,24,24.0,24.0,3.0,1.0,0.125,671.04,23.99999898352098,23.998853230543617,23.912019689332695
753,Legends & Myths Bundle,4,27.96,39.96,0.3003003003003003,1.0,21,21.0,21.0,3.0,1.0,0.14285714285714285,587.16,20.99999999920722,20.999870919926032,20.94778037076422
727,The Witcher Trilogy,3,62.97,69.97,0.1000428755180791,1.0,1542,1542.0,1542.0,0.0,1.0,0.0,97099.74,1541.998717783781,1540.5951590582342,1496.8005401814085
770,Every Game from Choice of Games,42,103.08,137.58,0.2507631923244658,0.7142857142857143,0,0.0,0.0,0.0,,,0.0,0.0,0.0,0.0
771,DreadOut Collection,3,22.37,27.97,0.2002145155523775,0.6666666666666666,0,0.0,0.0,0.0,,,0.0,0.0,0.0,0.0
772,Every Game from Hosted Games,10,34.4,45.900000000000006,0.2505446623093683,1.0,0,0.0,0.0,0.0,,,0.0,0.0,0.0,0.0
773,Infinity Series,2,6.73,8.98,0.2505567928730512,1.0,6,6.0,6.0,0.0,1.0,0.0,40.38,5.934078344216441,5.4279032106053435,4.529489921205769
774,Lost Heir Series,2,5.98,7.98,0.2506265664160401,1.0,3,3.0,3.0,0.0,1.0,0.0,17.94,2.9460413701137256,2.642391233933647,2.193175735890015
775,Deathless Bundle,2,5.23,6.98,0.2507163323782235,1.0,7,7.0,6.0,1.0,0.8571428571428571,0.14285714285714285,31.380000000000003,6.00358161088281,5.414573573752662,4.581717589928336
776,Heroes Rise Trilogy,9,7.91,15.91,0.502828409805154,0.3333333333333333,0,0.0,0.0,0.0,,,0.0,0.0,0.0,0.0
761,Choice of Games Urban Fantasy Bundle,6,17.94,23.94,0.2506265664160401,1.0,1,1.0,0.0,1.0,0.0,1.0,0.0,0.006338883644196982,0.06417057786312544,0.15846571205090876
762,Paul Gresty Bundle,2,6.73,8.98,0.2505567928730512,1.0,2,2.0,2.0,1.0,1.0,0.5,13.46,1.9717568850905547,1.751325685014045,1.3954957585504326
764,Choice of Games Sci Fi Bundle,4,13.46,17.96,0.2505567928730512,1.0,4,4.0,2.0,3.0,0.5,0.75,26.92,2.02961881856371,2.08799329345437,2.055947674826594
765,Choice of Games Sword and Sorcery Bundle,5,16.45,21.950000000000003,0.2505694760820047,1.0,2,2.0,1.0,2.0,0.5,1.0,16.45,1.2495346770332438,1.4829066010730896,1.489296646754424
766,Choice of Games High Adventure Bundle,4,11.21,14.96,0.2506684491978609,1.0,1,1.0,1.0,0.0,1.0,0.0,11.21,0.9994472213630764,0.9770226300899744,0.8670357598021706
767,Choice of Games Superpowers Bundle,7,19.43,25.93,0.2506748939452372,1.0,3,3.0,3.0,2.0,1.0,0.6666666666666666,58.29,2.9966027052663877,2.9523715054122004,2.758390673832106
768,Choice of Games Literary Bundle,7,21.68,28.93,0.2506049083995852,1.0,1,1.0,1.0,1.0,1.0,1.0,21.68,0.8088115481463843,0.584820783385507,0.41533369461831426
769,Paul Wang Bundle,2,8.23,10.98,0.250455373406193,1.0,6,6.0,4.0,3.0,0.6666666666666666,0.5,32.92,3.7792908641488308,3.5972916758668974,3.4058741991393777
379,Baldur's Gate: The Complete Saga,3,53.97,59.97,0.1000500250125062,0.6666666666666666,0,0.0,0.0,0.0,,,0.0,0.0,0.0,0.0
750,The Divergent Series,3,35.6,47.47,0.2500526648409521,0.0,0,0.0,0.0,0.0,,,0.0,0.0,0.0,0.0
758,8-Bit Armies Complete Edition,3,19.52,22.97,0.150195907705703,0.3333333333333333,0,0.0,0.0,0.0,,,0.0,0.0,0.0,0.0
646,Rebellion Anthology,35,270.25,329.65000000000003,0.1801911117852268,0.5142857142857142,0,0.0,0.0,0.0,,,0.0,0.0,0.0,0.0
746,Lonely Troops Collection,7,20.56,27.43,0.2504557054320088,1.0,13,13.0,13.0,13.0,1.0,1.0,267.28,12.9959499191088,12.667547508209811,10.116989114496008
690,Frozenbyte Collection 2016,6,54.54,90.94,0.400263910270508,1.0,21,21.0,21.0,21.0,1.0,1.0,1145.34,21.0,20.99999991283627,20.998646888432802
712,"Borderlands ""Take Over Your Life Bundle""",8,144.92,144.92,0.0,0.5,0,0.0,0.0,0.0,,,0.0,0.0,0.0,0.0
724,Puzzle Bundle,3,3.57,5.970000000000001,0.4020100502512563,1.0,14,14.0,14.0,0.0,1.0,0.0,49.98,13.885724003855762,12.835582249085087,10.759346968986245
736,Pilgrim Adventures Complete,6,6.77,10.44,0.3515325670498085,1.0,17,17.0,0.0,17.0,0.0,1.0,0.0,0.656927037577958,2.8001393726539523,5.199963483918408
734,Goindol Bundle,2,2.78,3.98,0.3015075376884422,1.0,1,1.0,1.0,0.0,1.0,0.0,2.78,0.9168273035060777,0.7685247834990175,0.6456563062257954
664,Meridian4 Action Bundle,5,29.95,39.95,0.2503128911138924,1.0,24,24.0,24.0,0.0,1.0,0.0,718.8,23.999999950532313,23.998910451151144,23.839371577817168
665,Meridian4 Arcade Bundle,5,21.7,28.950000000000003,0.2504317789291883,1.0,21,21.0,21.0,0.0,1.0,0.0,455.7,20.99998940870443,20.98509692161889,20.454895498846266
682,War for the Overworld - Worker Skin Collection,3,2.52,2.97,0.1515151515151514,0.0,0,0.0,0.0,0.0,,,0.0,0.0,0.0,0.0
721,Trinelogy,3,39.87,56.97,0.3001579778830964,1.0,385,385.0,364.0,21.0,0.9454545454545454,0.05454545454545454,14512.679999999998,363.9999999999995,363.99998645183143,363.9309161123731
729,Dracula - Collection,4,19.98,25.96,0.2303543913713405,1.0,45,45.0,45.0,0.0,1.0,0.0,899.1,44.99971222853156,44.88648986426537,42.845413956753646
394,KNDW Deluxe Edition,4,19.16,23.96,0.2003338898163606,1.0,1,1.0,1.0,0.0,1.0,0.0,19.16,0.9999322758503804,0.9918374288468401,0.9168273035060777
725,Perfect Angle bundle,2,8.38,11.98,0.3005008347245408,1.0,1,1.0,1.0,0.0,1.0,0.0,8.38,0.9992539711661633,0.973403006423134,0.8581489350995123
429,Awesome Games Bundle,3,7.47,9.97,0.250752256770311,1.0,46,46.0,46.0,0.0,1.0,0.0,343.62,45.6921288574829,42.5105237190228,35.75579361403579
656,D4 Complete Edition,16,45.74,50.84,0.1003147128245476,0.0625,0,0.0,0.0,0.0,,,0.0,0.0,0.0,0.0
718,Neon Drive Game + Soundtrack,2,14.38,17.98,0.200222469410456,0.5,0,0.0,0.0,0.0,,,0.0,0.0,0.0,0.0
459,The Light Sword Bundle,4,5.99,8.96,0.3314732142857143,0.5,0,0.0,0.0,0.0,,,0.0,0.0,0.0,0.0
670,Adam DeLease Bundle,2,5.93,6.98,0.1504297994269341,1.0,7,7.0,7.0,0.0,1.0,0.0,41.51,6.2363222516307095,5.185424294275078,4.3982133180675635
572,BioShock Triple Pack,3,69.97,69.97,0.0,1.0,6951,6951.0,3475.5,0.0,0.5,0.0,243180.735,3475.5,3475.5,3475.5
574,Sid Meier's Civilization Anthology,5,134.95,134.95,0.0,0.6,0,0.0,0.0,0.0,,,0.0,0.0,0.0,0.0
512,The Tambourine Bundle,2,1.36,2.28,0.4035087719298246,1.0,11,11.0,11.0,0.0,1.0,0.0,14.96,9.492435781669945,7.8654631627108875,6.74315593753269
710,Sakura Bundle,9,89.91,99.91,0.1000900810729656,1.0,4,4.0,4.0,0.0,1.0,0.0,359.64,3.9999999917553852,3.9998184085251904,3.973228596302861
683,F1 Fan Bundle,2,103.48,114.98,0.1000173943294486,1.0,26,26.0,22.0,4.0,0.8461538461538461,0.15384615384615385,2276.56,22.000000058662305,22.00027071850175,21.97414721123053
608,Lost Lands Collection,3,17.82,20.97,0.150214592274678,1.0,3,3.0,3.0,0.0,1.0,0.0,53.46,2.9945011831725217,2.876726165398605,2.4854856900737974
655,FATHER'S DAY GIFT BUNDLE,11,104.89,209.89,0.5002620420220115,0.0,0,0.0,0.0,0.0,,,0.0,0.0,0.0,0.0
631,Envoy 1-2,2,5.21,5.48,0.0492700729927008,1.0,23,23.0,10.0,13.0,0.43478260869565216,0.5652173913043478,52.1,6.343923523922092,6.300970256218405,7.991832216256634
696,Premium Bundle Set,3,8.97,11.97,0.2506265664160401,0.3333333333333333,0,0.0,0.0,0.0,,,0.0,0.0,0.0,0.0
570,Zaccaria Pinball - Gold Membership,37,40.63,81.63,0.5022663236555187,0.0,0,0.0,0.0,0.0,,,0.0,0.0,0.0,0.0
649,.EXE - Game + OST,2,10.78,11.98,0.1001669449081803,0.5,0,0.0,0.0,0.0,,,0.0,0.0,0.0,0.0
440,Zaccaria Pinball - Silver Membership,36,35.64,71.64,0.5025125628140703,0.0,0,0.0,0.0,0.0,,,0.0,0.0,0.0,0.0
689,Sunrider Collection,3,31.97,39.97,0.2001501125844383,0.6666666666666666,0,0.0,0.0,0.0,,,0.0,0.0,0.0,0.0
546,SONAR Steam Edition & Z3TA+ 2,2,179.98,199.98,0.1000100010001,1.0,1,1.0,0.0,1.0,0.0,1.0,0.0,2.8625185805493937e-20,1.6918979223288786e-10,1.3007128458799298e-05
680,The Bedtime Bundle,2,7.35,10.98,0.3306010928961749,1.0,32,32.0,32.0,0.0,1.0,0.0,235.2,31.977516351294664,31.17340036721075,27.518882699911273
663,Meridian4 Publisher Bundle,28,109.22,145.72,0.2504803733186934,0.6428571428571429,0,0.0,0.0,0.0,,,0.0,0.0,0.0,0.0
662,Demetrios - Deluxe Edition,3,12.99,13.97,0.070150322118826,0.3333333333333333,0,0.0,0.0,0.0,,,0.0,0.0,0.0,0.0
474,Cally's Caves Definitive Collection,4,17.96,19.96,0.1002004008016032,0.5,0,0.0,0.0,0.0,,,0.0,0.0,0.0,0.0
628,GTGD Complete Pack,4,10.46,14.96,0.3008021390374331,1.0,1,1.0,1.0,0.0,1.0,0.0,10.46,0.9998766054240137,0.9890130573694068,0.9046505351008906
634,Dagestan Technology Complete Pack,17,44.98,64.33,0.3007927871910462,0.8235294117647058,0,0.0,0.0,0.0,,,0.0,0.0,0.0,0.0
496,War of the Human Tanks - Complete Collection,5,43.15,47.95,0.1001042752867571,0.6,0,0.0,0.0,0.0,,,0.0,0.0,0.0,0.0
635,The Elder Scrolls V: Skyrim + Add-Ons,4,39.61,64.96,0.3902401477832511,0.25,0,0.0,0.0,0.0,,,0.0,0.0,0.0,0.0
633,Bloodbath Kavkaz GOTY Edition,3,10.1,13.47,0.2501855976243505,0.3333333333333333,0,0.0,0.0,0.0,,,0.0,0.0,0.0,0.0
534,Hipix Studio Bundle,4,5.56,7.96,0.3015075376884422,1.0,17,17.0,12.0,5.0,0.7058823529411765,0.29411764705882354,66.72,11.942702215173782,11.419122827564523,10.43975869698891
627,fault complete edition,4,38.21,44.96,0.1501334519572953,0.5,0,0.0,0.0,0.0,,,0.0,0.0,0.0,0.0
623,Nova Dimension Games,4,5.06,8.46,0.4018912529550828,1.0,16,16.0,16.0,13.0,1.0,0.8125,80.96,15.95745882714305,14.980297666602882,12.10970458145248
612,Killing Floor 1 Complete Your Set!,22,67.2,167.78,0.5994755036357134,0.0454545454545454,0,0.0,0.0,0.0,,,0.0,0.0,0.0,0.0
616,Tripwire Complete Bundle,27,136.13,247.73,0.4504904533161102,0.1851851851851851,0,0.0,0.0,0.0,,,0.0,0.0,0.0,0.0
542,Rake in Grass Bundle,5,29.35,41.95,0.300357568533969,1.0,1,1.0,1.0,0.0,1.0,0.0,29.35,0.9999999999886295,0.9999966279961363,0.9981670610575072
610,Hotelier's Bundle,4,12.56,17.96,0.3006681514476614,0.5,0,0.0,0.0,0.0,,,0.0,0.0,0.0,0.0
15,Member's Bundle,3,19.97,19.97,0.0,0.5,0,0.0,0.0,0.0,,,0.0,0.0,0.0,0.0
17,Angry Video Game Nerd Bundle,2,14.92,17.98,0.1701890989988876,1.0,32,32.0,32.0,0.0,1.0,0.0,477.44,31.92980373258532,30.56679350240682,26.30420205484011
19,Upgrade to Member's Bundle,2,9.98,9.98,0.0,0.0,0,0.0,0.0,0.0,,,0.0,0.0,0.0,0.0
125,Mad Max: Game + Mad Max Anthology,5,89.2,104.95,0.1500714626012387,0.4,0,0.0,0.0,0.0,,,0.0,0.0,0.0,0.0
137,Albino Lullaby: Season Pass,4,24.76,39.96,0.3803803803803803,0.25,0,0.0,0.0,0.0,,,0.0,0.0,0.0,0.0
139,The Binding of Isaac : Rebirth + Afterbirth Bundle,2,25.98,25.98,0.0,0.5,0,0.0,0.0,0.0,,,0.0,0.0,0.0,0.0
145,Broken Age + Soundtrack + Double Fine Adventure Documentary,3,35.22,46.97,0.2501596763891845,0.6666666666666666,0,0.0,0.0,0.0,,,0.0,0.0,0.0,0.0
153,Adult Swim Games,14,119.32,180.86,0.3402631869954662,1.0,1,1.0,1.0,0.0,1.0,0.0,119.32,1.0,1.0,0.9999999999999567
157,JMJ Films + Games Bundle,6,61.52,91.84,0.3301393728222996,1.0,7,7.0,7.0,3.0,1.0,0.42857142857142855,430.64000000000004,6.999928184602144,6.985393206268251,6.803872273921712
225,Headup Games Complete,32,228.97,269.43,0.150168875032476,0.90625,0,0.0,0.0,0.0,,,0.0,0.0,0.0,0.0
227,Professor Teaches Office 2016 Suite,6,29.7,89.94,0.6697798532354903,0.0,0,0.0,0.0,0.0,,,0.0,0.0,0.0,0.0
228,Professor Teaches Office 2013 Suite,6,29.7,89.94,0.6697798532354903,1.0,1,1.0,1.0,0.0,1.0,0.0,29.7,1.0,1.0,0.999999999999917
229,Professor Teaches Office 2016 & Windows 10 Suite,7,39.9,104.93,0.61974649766511,0.0,0,0.0,0.0,0.0,,,0.0,0.0,0.0,0.0
230,Professor Teaches Office 2013 & Windows 10 Suite,7,39.9,104.93,0.61974649766511,0.8571428571428571,0,0.0,0.0,0.0,,,0.0,0.0,0.0,0.0
231,Half-Life Complete,8,36.52,60.92,0.4005252790544976,0.75,0,0.0,0.0,0.0,,,0.0,0.0,0.0,0.0
232,Valve Complete Pack,19,90.45,200.81,0.5495742243912156,0.8421052631578947,0,0.0,0.0,0.0,,,0.0,0.0,0.0,0.0
233,Left 4 Dead Bundle,2,29.98,39.98,0.2501250625312655,1.0,5890,5890.0,5890.0,0.0,1.0,0.0,176582.2,5889.999987859805,5889.7326065533425,5850.579108055963
234,Portal Bundle,2,22.48,29.98,0.2501667778519011,1.0,13837,13837.0,13837.0,0.0,1.0,0.0,311055.76,13836.995767230885,13829.351202000887,13519.062132554975
235,Counter-Strike 1 Anthology,4,14.96,24.96,0.4006410256410256,0.75,0,0.0,0.0,0.0,,,0.0,0.0,0.0,0.0
236,Counter-Strike Complete,3,29.22,44.97,0.3502334889926617,0.6666666666666666,0,0.0,0.0,0.0,,,0.0,0.0,0.0,0.0
237,Half-Life 1 Anthology,4,13.71,24.96,0.4507211538461538,1.0,5832,5832.0,5832.0,0.0,1.0,0.0,79956.72,5831.999999013286,5831.924142426783,5811.042109745157
239,Zonitron Productions Mixed Pack,4,5.36,8.96,0.4017857142857143,1.0,159,159.0,156.0,3.0,0.9811320754716981,0.018867924528301886,836.1600000000001,155.88368579601755,151.86490885450053,134.06609046728155
240,Source Multiplayer Pack,3,29.72,34.97,0.1501286817271947,1.0,4028,4028.0,4028.0,0.0,1.0,0.0,119712.15999999999,4027.88908623619,4006.973333706347,3755.921928089574
241,Ultimate Action Duo Pack: Just Cause 3 + Rise of the Tomb Raider,2,89.98,119.98,0.2500416736122687,1.0,270,270.0,270.0,0.0,1.0,0.0,24294.600000000002,270.0,269.99999999997476,269.9999174063987
243,Hatoful Boyfriend Complete Pack,4,25.57,31.97,0.2001876759461995,0.5,0,0.0,0.0,0.0,,,0.0,0.0,0.0,0.0
244,Shardlight Deluxe,2,18.98,19.98,0.05005005005005,0.5,0,0.0,0.0,0.0,,,0.0,0.0,0.0,0.0
245,But to Paint a Universe Deluxe,2,7.18,8.98,0.200445434298441,0.5,0,0.0,0.0,0.0,,,0.0,0.0,0.0,0.0
247,F1 Game Franchise Bundle,7,184.43,204.93,0.1000341580051725,1.0,4,4.0,4.0,4.0,1.0,1.0,737.72,3.999999939080082,3.9995064166966774,3.955913895005888
248,The Codemasters DiRT Collection,4,100.76,111.96,0.1000357270453733,1.0,56,56.0,56.0,0.0,1.0,0.0,5642.56,55.99999998952892,55.99923425549126,55.79368256563159
249,The Complete GRID Bundle,23,141.17,201.77,0.3003419735342222,0.1304347826086956,0,0.0,0.0,0.0,,,0.0,0.0,0.0,0.0
250,Awesomenauts - Mega Value Pack,68,218.52,273.32,0.2004975852480608,0.0147058823529411,0,0.0,0.0,0.0,,,0.0,0.0,0.0,0.0
254,SEGA DLC Pack,3,11.97,14.97,0.2004008016032064,0.0,0,0.0,0.0,0.0,,,0.0,0.0,0.0,0.0
255,Bacteria Complete,3,2.97,2.97,-1.4952498648150255e-16,0.3333333333333333,0,0.0,0.0,0.0,,,0.0,0.0,0.0,0.0
256,Fantasy Grounds D&D; Complete Bundle,12,313.38,417.88,0.2500717909447688,0.0833333333333333,0,0.0,0.0,0.0,,,0.0,0.0,0.0,0.0
257,Borderlands Triple Pack,7,119.93,119.93,0.0,0.4285714285714285,0,0.0,0.0,0.0,,,0.0,0.0,0.0,0.0
258,TAITO DLC Pack,3,11.97,14.97,0.2004008016032064,0.0,0,0.0,0.0,0.0,,,0.0,0.0,0.0,0.0
260,The Complete FORCED Collection,6,48.74,60.94,0.2001969149983589,0.3333333333333333,0,0.0,0.0,0.0,,,0.0,0.0,0.0,0.0
261,Resident Evil/Biohazard Collector's Pack,34,126.93,201.66,0.3705742338589705,0.1470588235294117,0,0.0,0.0,0.0,,,0.0,0.0,0.0,0.0
263,Broken Sword: Complete Pack,5,34.25,48.95,0.3003064351378958,1.0,17,17.0,17.0,0.0,1.0,0.0,582.25,16.9999999999971,16.999992980278893,16.98908294509004
264,Grand Theft Auto V & Whale Shark Cash Card,2,98.98,109.98,0.1000181851245681,0.5,0,0.0,0.0,0.0,,,0.0,0.0,0.0,0.0
265,Grand Theft Auto V & Megalodon Shark Cash Card,2,135.98,159.98,0.150018752344043,0.5,0,0.0,0.0,0.0,,,0.0,0.0,0.0,0.0
266,Samorost 3 Cosmic Edition,2,24.82,26.98,0.0800593031875462,0.5,0,0.0,0.0,0.0,,,0.0,0.0,0.0,0.0
267,Binaries - Soundtrack Edition,2,13.48,14.98,0.1001335113484646,0.5,0,0.0,0.0,0.0,,,0.0,0.0,0.0,0.0
268,Merge Games Mega Bundle,33,208.17,277.67,0.250297115280729,1.0,0,0.0,0.0,0.0,,,0.0,0.0,0.0,0.0
269,Homeworld: Deserts of Kharak Deluxe Edition,5,69.37,77.95,0.110070558050032,0.2,0,0.0,0.0,0.0,,,0.0,0.0,0.0,0.0
270,NightCry Digital Complete Pack,4,60.31,70.96,0.1500845546786921,0.25,0,0.0,0.0,0.0,,,0.0,0.0,0.0,0.0
272,Amanita Bundle,6,51.24,56.94,0.1001053740779767,0.6666666666666666,0,0.0,0.0,0.0,,,0.0,0.0,0.0,0.0
273,Slain: Back from Hell Bundle,2,19.51,20.98,0.0700667302192563,0.5,0,0.0,0.0,0.0,,,0.0,0.0,0.0,0.0
274,Galactic Civilizations III Gold,11,80.52,107.39,0.250209516714778,0.0909090909090909,0,0.0,0.0,0.0,,,0.0,0.0,0.0,0.0
278,Babel OST Pack,2,11.03,12.98,0.150231124807396,0.0,0,0.0,0.0,0.0,,,0.0,0.0,0.0,0.0
280,Night Bundle,3,6.85,8.57,0.2007001166861144,0.6666666666666666,0,0.0,0.0,0.0,,,0.0,0.0,0.0,0.0
285,Fighting Fantasy,5,39.95,49.95,0.2002002002002001,1.0,3,3.0,3.0,0.0,1.0,0.0,119.85000000000001,2.999999993816539,2.999863806393893,2.979921447227146
286,Bleach Movies,4,46.76,51.96,0.1000769822940724,0.0,0,0.0,0.0,0.0,,,0.0,0.0,0.0,0.0
291,The Shoebox Diorama Series,2,6.28,6.98,0.1002865329512894,1.0,1,1.0,1.0,0.0,1.0,0.0,6.28,0.8021838885585817,0.6681877721681662,0.5866175789173301
292,Amplitude Endless Pack,12,107.88,143.88,0.250208507089241,0.25,0,0.0,0.0,0.0,,,0.0,0.0,0.0,0.0
293,MyDream Bundle,2,25.88,34.98,0.2601486563750714,1.0,2,2.0,2.0,0.0,1.0,0.0,51.76,1.9999999750614947,1.9997766933187409,1.9790865875361636
296,The Sparkle Bundle,3,8.37,10.47,0.2005730659025789,1.0,22,22.0,22.0,0.0,1.0,0.0,184.14,21.67497130274799,19.599869933696517,16.29704778200739
300,The Quest Deluxe Edition,3,14.98,18.97,0.2103321033210331,0.3333333333333333,0,0.0,0.0,0.0,,,0.0,0.0,0.0,0.0
301,Pixel Puzzles Complete Pack,7,27.34,42.08,0.3502851711026615,0.7142857142857143,0,0.0,0.0,0.0,,,0.0,0.0,0.0,0.0
302,Pyrodactyl Complete pack,6,39.47,46.44,0.1500861326442721,0.5,0,0.0,0.0,0.0,,,0.0,0.0,0.0,0.0
303,Sengoku Jidai: Shadow of the Shogun Deluxe Edition,7,44.66,70.92999999999999,0.3703651487381925,0.1428571428571428,0,0.0,0.0,0.0,,,0.0,0.0,0.0,0.0
306,Save the Dodos Special Edition,2,3.73,4.98,0.2510040160642571,0.5,0,0.0,0.0,0.0,,,0.0,0.0,0.0,0.0
307,World of Magicka Bundle,28,90.88,105.72,0.1403707907680666,0.0714285714285714,0,0.0,0.0,0.0,,,0.0,0.0,0.0,0.0
308,Sword of the Stars: The Pit Bundle,6,10.4,25.94,0.5990747879722437,0.0,0,0.0,0.0,0.0,,,0.0,0.0,0.0,0.0
309,Ticket to Ride - Complete Bundle,8,30.02,42.92,0.3005591798695247,0.125,0,0.0,0.0,0.0,,,0.0,0.0,0.0,0.0
311,Hyperdevotion Noire DLC Collection,29,20.71,29.71,0.302928306967351,0.0,0,0.0,0.0,0.0,,,0.0,0.0,0.0,0.0
312,Don't Starve MEGA PACK,4,26.76,39.96,0.3303303303303303,0.5,0,0.0,0.0,0.0,,,0.0,0.0,0.0,0.0
313,The Detail Season One,3,16.17,17.97,0.1001669449081801,0.6666666666666666,0,0.0,0.0,0.0,,,0.0,0.0,0.0,0.0
316,Wailing Heights Deluxe Edition,2,12.73,14.98,0.1502002670226969,0.5,0,0.0,0.0,0.0,,,0.0,0.0,0.0,0.0
318,Qubicle Indie Bundle,4,76.46,89.96,0.1500666963094709,0.25,0,0.0,0.0,0.0,,,0.0,0.0,0.0,0.0
319,Worms Collection,20,89.24,171.8,0.480558789289872,0.45,0,0.0,0.0,0.0,,,0.0,0.0,0.0,0.0
320,Dead Island Definitive Collection,3,40.02,44.97,0.1100733822548364,1.0,76,76.0,76.0,0.0,1.0,0.0,3041.5200000000004,75.99618691548403,75.46544737622037,70.10016084570687
321,GameGuru Unlimited,8,144.67,192.92,0.2501036699149906,0.125,0,0.0,0.0,0.0,,,0.0,0.0,0.0,0.0
322,App Game Kit Unlimited,5,134.95,179.95,0.2500694637399278,0.2,0,0.0,0.0,0.0,,,0.0,0.0,0.0,0.0
326,Magical Ladies,3,3.99,5.97,0.3316582914572863,0.0,0,0.0,0.0,0.0,,,0.0,0.0,0.0,0.0
327,Light and Dark,3,3.99,5.97,0.3316582914572863,0.0,0,0.0,0.0,0.0,,,0.0,0.0,0.0,0.0
328,From Mysterious Lands,3,3.99,5.97,0.3316582914572863,0.0,0,0.0,0.0,0.0,,,0.0,0.0,0.0,0.0
329,The Tricksters,3,3.99,5.97,0.3316582914572863,0.0,0,0.0,0.0,0.0,,,0.0,0.0,0.0,0.0
331,Nival Steam Bundle,7,56.56,75.42999999999999,0.2501657165583984,0.8571428571428571,0,0.0,0.0,0.0,,,0.0,0.0,0.0,0.0
332,Zotrix Bundle,2,13.28,18.98,0.3003161222339305,1.0,8,8.0,8.0,0.0,1.0,0.0,106.24,7.99991043712396,7.9733215415406935,7.562549462272473
333,The Game Creators Collection,7,172.43,229.93,0.2500761101204714,0.2857142857142857,0,0.0,0.0,0.0,,,0.0,0.0,0.0,0.0
334,Sometimes You Complete Bundle,32,42.56,53.28,0.2012012012012011,0.625,0,0.0,0.0,0.0,,,0.0,0.0,0.0,0.0
335,The Banner Saga Deluxe Pack,4,39.72,55.96,0.2902072909220872,0.5,0,0.0,0.0,0.0,,,0.0,0.0,0.0,0.0
336,Evoland Collector Pack,3,27.72,36.97,0.2502028671896132,0.6666666666666666,0,0.0,0.0,0.0,,,0.0,0.0,0.0,0.0
338,Mimpi Bundle,2,4.78,5.98,0.2006688963210702,1.0,1,1.0,1.0,0.0,1.0,0.0,4.78,0.9168273035060777,0.7685247834990175,0.6456563062257954
339,Waste Walkers Complete Bundle,6,20.74,25.94,0.2004626060138782,1.0,1,1.0,1.0,0.0,1.0,0.0,20.74,0.9999695684430994,0.9945137011005495,0.9308615796566533
340,The Renegades of Orion 2.0 - Pack #1,3,2.97,3.97,0.2518891687657429,0.3333333333333333,0,0.0,0.0,0.0,,,0.0,0.0,0.0,0.0
342,RPG Maker VX Ace + SONAR Steam Edition Bundle,2,127.48,169.98,0.2500294152253206,1.0,3,3.0,3.0,1.0,1.0,0.3333333333333333,382.44,3.0,2.99999999983081,2.999986991099958
345,Savage: Resurection - Digital Deluxe,2,26.08,29.98,0.1300867244829886,0.5,0,0.0,0.0,0.0,,,0.0,0.0,0.0,0.0
349,Project Cars Game of the Year Edition,12,31.38,52.38,0.4009163802978236,0.0,0,0.0,0.0,0.0,,,0.0,0.0,0.0,0.0
350,Puzzle Box - Game + OST Pack #1,2,11.98,14.98,0.2002670226969292,0.5,0,0.0,0.0,0.0,,,0.0,0.0,0.0,0.0
354,Civilization VI Digital Deluxe + Steam Controller Bundle,2,109.98,109.98,-1.2921308160758322e-16,0.0,0,0.0,0.0,0.0,,,0.0,0.0,0.0,0.0
356,Playism Bundle,53,332.27,415.47,0.2002551327412329,0.5283018867924528,0,0.0,0.0,0.0,,,0.0,0.0,0.0,0.0
358,Indie VR Bundle,4,9.56,11.96,0.2006688963210702,1.0,3,3.0,3.0,0.0,1.0,0.0,28.68,2.9755122865405204,2.750481910518233,2.3055743504970527
361,Danganronpa 1 + 2,2,53.98,59.98,0.1000333444481493,1.0,103,103.0,103.0,0.0,1.0,0.0,5559.94,102.99936715001597,102.74531981486663,98.11513506271064
366,Demons with Shotguns - Deluxe Edition,2,11.68,12.98,0.1001540832049307,0.5,0,0.0,0.0,0.0,,,0.0,0.0,0.0,0.0
367,Age of Wonders Franchise,7,80.68,94.93,0.1501106078162856,0.5714285714285714,0,0.0,0.0,0.0,,,0.0,0.0,0.0,0.0
369,"Axe, Bow & Staff Soundtrack Bundle",2,11.98,14.98,0.2002670226969292,0.5,0,0.0,0.0,0.0,,,0.0,0.0,0.0,0.0
374,Goat Simulator: GOATY,5,27.85,30.950000000000003,0.1001615508885299,0.2,0,0.0,0.0,0.0,,,0.0,0.0,0.0,0.0
375,NEOGEO Bundle,6,30.02,46.94,0.3604601619088197,1.0,49,49.0,49.0,0.0,1.0,0.0,1470.98,48.9999999999999,48.999997802477004,48.989625365594804
376,RPG Maker Millennium Collection,5,161.95,179.95,0.1000277854959711,1.0,8,8.0,8.0,0.0,1.0,0.0,1295.6,7.999999999999998,7.999999878160164,7.9990128433921095
377,Table Top Racing: World Tour - Bundle,3,18.37,22.97,0.2002612102742707,1.0,1,1.0,1.0,0.0,1.0,0.0,18.37,0.9998989708060922,0.9900481981330957,0.9088770389851438
378,PRO ANGLER SPORT BUNDLE,6,12.25,34.94,0.6493989696622782,0.0,0,0.0,0.0,0.0,,,0.0,0.0,0.0,0.0
381,Grim Legends Collection,3,24.87,29.97,0.1701701701701701,1.0,3,3.0,0.0,3.0,0.0,1.0,0.0,1.2326836728436973e-13,4.43562863711272e-07,0.0011094444742384708
382,Abbey Games Bundle,3,34.85,37.47,0.0699226047504669,0.6666666666666666,0,0.0,0.0,0.0,,,0.0,0.0,0.0,0.0
385,Stories: Collector's Edition,3,23.97,29.97,0.2002002002002002,0.3333333333333333,0,0.0,0.0,0.0,,,0.0,0.0,0.0,0.0
391,Captain Forever Remix + Original Soundtrack,2,19.98,19.98,0.0,0.5,0,0.0,0.0,0.0,,,0.0,0.0,0.0,0.0
408,Zenodyne R + Soundtrack,2,11.98,14.98,0.2002670226969292,0.5,0,0.0,0.0,0.0,,,0.0,0.0,0.0,0.0
409,Funklift Deluxe Edition,2,11.88,13.98,0.1502145922746781,0.5,0,0.0,0.0,0.0,,,0.0,0.0,0.0,0.0
414,Black Lime Studio's Collection,4,3.79,4.46,0.1502242152466367,1.0,7,7.0,7.0,0.0,1.0,0.0,26.53,5.547429590082551,4.630522114420667,4.080828179408397
417,Tokyo School Life Soundtrack Edition,2,9.43,10.48,0.1001908396946565,0.5,0,0.0,0.0,0.0,,,0.0,0.0,0.0,0.0
420,The Caiysware Collection,3,14.27,21.97,0.3504779244424215,1.0,6,6.0,6.0,0.0,1.0,0.0,85.62,5.999998769685508,5.997284266660557,5.874981932887917
424,Kabitis + Bibou Studio Pack #1,2,3.98,4.98,0.2008032128514057,1.0,12,12.0,4.0,8.0,0.3333333333333333,0.6666666666666666,15.92,5.4054176778476295,5.5268907402629885,5.559686904749784
426,OtakuMaker Studio Pack - All Games,24,63.46,90.76,0.3007933010136624,0.9583333333333334,0,0.0,0.0,0.0,,,0.0,0.0,0.0,0.0
428,10tons Shooters,2,26.08,28.98,0.1000690131124914,1.0,4,4.0,4.0,0.0,1.0,0.0,104.32,3.9879263347011666,3.7913857476863293,3.2399937359387483
430,Novus Inceptio: Soundtrack Edition,2,22.48,24.98,0.1000800640512408,0.5,0,0.0,0.0,0.0,,,0.0,0.0,0.0,0.0
432,OtakuMaker Studio Pack - Part #1,6,17.94,23.94,0.2506265664160401,1.0,1,1.0,1.0,1.0,1.0,1.0,17.94,0.9215164870600492,0.6418615978119644,0.3528897168228675
433,OtakuMaker Studio Pack - Part #2,6,15.69,20.94,0.2507163323782235,1.0,1,1.0,1.0,1.0,1.0,1.0,15.69,0.9214928306196499,0.640415283736151,0.3736074788181856
435,SpeedRunners Deluxe Pack,3,17.82,20.97,0.150214592274678,0.3333333333333333,0,0.0,0.0,0.0,,,0.0,0.0,0.0,0.0
436,OtakuMaker Studio Pack - Strategy #1,4,9.56,11.96,0.2006688963210702,1.0,3,3.0,2.0,2.0,0.6666666666666666,0.6666666666666666,19.12,1.7829149229332735,1.885644541806164,1.8351878353063542
438,Smart Games,2,2.68,2.98,0.1006711409395972,1.0,2,2.0,2.0,0.0,1.0,0.0,5.36,1.2913126124515908,1.148885033623318,1.0748596906874992
439,Abrix the robot - Collector's Edition,5,9.25,18.55,0.5013477088948787,0.4,0,0.0,0.0,0.0,,,0.0,0.0,0.0,0.0
442,Lilly and Sasha Bundle,3,9.87,14.97,0.3406813627254509,1.0,41,41.0,41.0,0.0,1.0,0.0,404.66999999999996,40.99847607357878,40.751548138845045,38.030514100177776
443,Life is Hard with Soundtrack,2,9.48,9.98,0.0501002004008016,0.5,0,0.0,0.0,0.0,,,0.0,0.0,0.0,0.0
445,Roll7 RETROspective,3,39.72,52.97,0.250141589579007,0.6666666666666666,0,0.0,0.0,0.0,,,0.0,0.0,0.0,0.0
447,The Escapists: Complete Pack,5,26.05,28.95,0.1001727115716752,0.2,0,0.0,0.0,0.0,,,0.0,0.0,0.0,0.0
448,Endless Legend Collection,7,69.63,81.93,0.1501281581838155,0.1428571428571428,0,0.0,0.0,0.0,,,0.0,0.0,0.0,0.0
449,Endless Legend Expansion Set,5,36.85,40.95,0.1001221001221001,0.0,0,0.0,0.0,0.0,,,0.0,0.0,0.0,0.0
451,Homeworld Remastered Collection Deluxe Edition,3,44.85,50.97,0.1200706297822248,0.3333333333333333,0,0.0,0.0,0.0,,,0.0,0.0,0.0,0.0
454,Winter Wolves RPGs Bundle,8,74.72,87.91999999999999,0.1501364877161054,0.375,0,0.0,0.0,0.0,,,0.0,0.0,0.0,0.0
457,Winter Wolves Games Collection,31,295.28,347.44,0.1501266405710339,0.5161290322580645,0,0.0,0.0,0.0,,,0.0,0.0,0.0,0.0
460,Milkstone Studios Complete Collection,4,33.71,44.96,0.2502224199288256,1.0,1,1.0,1.0,0.0,1.0,0.0,33.71,0.9999999998308102,0.9999869928715335,0.9964063974185798
462,Complete Trese Brothers Pack,3,26.97,29.97,0.1001001001001001,1.0,0,0.0,0.0,0.0,,,0.0,0.0,0.0,0.0
467,Serendipity of Aeons: Season 1 Bundle,4,10.46,13.96,0.2507163323782235,0.0,0,0.0,0.0,0.0,,,0.0,0.0,0.0,0.0
468,BERSERK: The Golden Age Arc Movies,3,35.07,38.97,0.1000769822940723,0.0,0,0.0,0.0,0.0,,,0.0,0.0,0.0,0.0
469,Cleverweek Games Complete,9,12.51,17.91,0.3015075376884422,0.6666666666666666,0,0.0,0.0,0.0,,,0.0,0.0,0.0,0.0
471,The Revills Games' Solitaire Collection,2,10.48,13.98,0.2503576537911302,1.0,8,8.0,8.0,0.0,1.0,0.0,83.84,7.992711590444795,7.765502153989149,6.815622415746485
472,The Legend of Dark Witch Game & OST,2,9.88,14.98,0.3404539385847797,0.5,0,0.0,0.0,0.0,,,0.0,0.0,0.0,0.0
476,Hero Siege Complete,4,16.76,20.96,0.2003816793893129,0.5,0,0.0,0.0,0.0,,,0.0,0.0,0.0,0.0
484,Elite Games Studio Pack #1,2,5.98,7.98,0.2506265664160401,1.0,6,6.0,5.0,1.0,0.8333333333333334,0.16666666666666666,29.900000000000002,5.278198752621698,4.892539061480274,4.178576945299114
485,Love in the Glen Deluxe Edition,2,8.98,9.98,0.1002004008016032,0.5,0,0.0,0.0,0.0,,,0.0,0.0,0.0,0.0
487,Mute Crimson+ Soundtrack Bundle,2,3.5,4.38,0.2009132420091324,0.5,0,0.0,0.0,0.0,,,0.0,0.0,0.0,0.0
488,Fantasy Grounds Deadlands Reloaded Bundle,15,112.65,140.85,0.2002129925452608,0.1333333333333333,0,0.0,0.0,0.0,,,0.0,0.0,0.0,0.0
491,Season #1 Pro Bundle,12,95.08,118.88,0.2002018842530282,0.0,0,0.0,0.0,0.0,,,0.0,0.0,0.0,0.0
492,Season #2 Pro Bundle,15,118.25,147.85,0.2002029083530605,0.0,0,0.0,0.0,0.0,,,0.0,0.0,0.0,0.0
495,100% Orange Juice - All Stars Collection,8,19.72,21.92,0.1003649635036497,0.125,0,0.0,0.0,0.0,,,0.0,0.0,0.0,0.0
497,Mecha Ritz: Steel Rondo Soundtrack Edition,2,10.18,11.98,0.1502504173622705,0.5,0,0.0,0.0,0.0,,,0.0,0.0,0.0,0.0
503,The Renegade Sector Bundle,2,11.88,13.98,0.1502145922746781,1.0,9,9.0,9.0,0.0,1.0,0.0,106.92,8.867033714760542,8.018128609239483,6.666974092639386
511,10tons Total,5,39.48,46.45,0.1500538213132401,0.8,0,0.0,0.0,0.0,,,0.0,0.0,0.0,0.0
514,Storm Sharks,3,7.12,12.97,0.4510408635312259,1.0,12,12.0,12.0,0.0,1.0,0.0,85.44,11.999900474995513,11.965540450131595,11.388822356964678
519,Project Pulsation Deluxe Edition,2,5.58,6.98,0.2005730659025788,0.5,0,0.0,0.0,0.0,,,0.0,0.0,0.0,0.0
528,Endless Loop Collection,4,14.36,23.96,0.4006677796327212,1.0,7,7.0,7.0,7.0,1.0,1.0,100.52,6.918213670595369,6.148706631623125,4.694436410333867
535,Games by Tonguç Bodur,3,11.02,12.97,0.1503469545104087,1.0,1,1.0,1.0,0.0,1.0,0.0,11.02,0.9801596942659225,0.8754466418125836,0.7261149812607791
540,Best Russian Visual Novels pack,4,14.66,20.96,0.3005725190839695,0.75,0,0.0,0.0,0.0,,,0.0,0.0,0.0,0.0
547,Angry Video Game Nerd II: ASSimilation + Soundtrack,2,17.98,24.98,0.2802241793434747,0.5,0,0.0,0.0,0.0,,,0.0,0.0,0.0,0.0
565,Alientrap Bundle,5,48.4,56.95,0.1501316944688323,1.0,0,0.0,0.0,0.0,,,0.0,0.0,0.0,0.0
571,Kingdom Tales Bundle,2,10.78,11.98,0.1001669449081803,1.0,5,5.0,5.0,0.0,1.0,0.0,53.9,4.584136517530388,3.8426239174950876,3.228281531128977
578,The Last Dogma - Complete Experience,3,14.37,15.97,0.100187852222918,0.6666666666666666,0,0.0,0.0,0.0,,,0.0,0.0,0.0,0.0
579,Z.I.O.N Deluxe Edition,2,5.58,6.98,0.2005730659025788,0.5,0,0.0,0.0,0.0,,,0.0,0.0,0.0,0.0
581,VGstudio Games Gold Edition,4,6.96,13.96,0.501432664756447,0.5,0,0.0,0.0,0.0,,,0.0,0.0,0.0,0.0
582,Magdalena Pack,2,2.66,3.98,0.3316582914572865,0.5,0,0.0,0.0,0.0,,,0.0,0.0,0.0,0.0
584,Glitchspace - Game & Soundtrack,2,16.18,17.98,0.100111234705228,0.5,0,0.0,0.0,0.0,,,0.0,0.0,0.0,0.0
586,Libredia XXL Adventure Bundle,10,43.3,61.900000000000006,0.3004846526655897,0.8,0,0.0,0.0,0.0,,,0.0,0.0,0.0,0.0
588,Dyna Bomb - Game + OST Pack #1,2,5.58,6.98,0.2005730659025788,0.5,0,0.0,0.0,0.0,,,0.0,0.0,0.0,0.0
594,The Ninjahtic Series,3,4.77,5.97,0.2010050251256281,1.0,2,2.0,2.0,0.0,1.0,0.0,9.54,1.8336546070121553,1.537049566998035,1.2913126124515908
