stage,family,configuration_id,training_seed,parameter_count,runtime_seconds,artifact_bytes,observed_process_peak_rss_bytes
validation,popularity,popularity_train_count,,8902,6.493816000001971,16496,
validation,implicit_als,als__k032__reg0p05__ao20__capped_log_playtime,104729,1896096,30.337275800000498,7019924,
validation,implicit_als,als__k032__reg0p05__ao20__capped_log_playtime,130363,1896096,24.791279799999757,7025509,
validation,implicit_als,als__k032__reg0p05__ao20__capped_log_playtime,155921,1896096,31.407690700001694,7026554,
validation,implicit_als,als__k032__reg0p05__ao20__log_playtime,104729,1896096,36.79616199999873,7017372,
validation,implicit_als,als__k032__reg0p05__ao20__log_playtime,130363,1896096,26.854246099999727,7023277,
validation,implicit_als,als__k032__reg0p05__ao20__log_playtime,155921,1896096,29.656115499998123,7025257,
validation,implicit_als,als__k032__reg0p05__ao20__ownership_only,104729,1896096,28.601148900001135,7018446,
validation,implicit_als,als__k032__reg0p05__ao20__ownership_only,130363,1896096,27.791636000001745,7021603,
validation,implicit_als,als__k032__reg0p05__ao20__ownership_only,155921,1896096,32.99458159999995,7020323,
validation,implicit_als,als__k032__reg0p05__ao40__capped_log_playtime,104729,1896096,26.5412424999995,7006815,
validation,implicit_als,als__k032__reg0p05__ao40__capped_log_playtime,130363,1896096,28.74823280000055,7012859,
validation,implicit_als,als__k032__reg0p05__ao40__capped_log_playtime,155921,1896096,36.083217200000945,7020357,
validation,implicit_als,als__k032__reg0p05__ao40__log_playtime,104729,1896096,29.507318200001464,7005229,
validation,implicit_als,als__k032__reg0p05__ao40__log_playtime,130363,1896096,25.913211499999306,7011831,
validation,implicit_als,als__k032__reg0p05__ao40__log_playtime,155921,1896096,35.72032910000053,7020255,
validation,implicit_als,als__k032__reg0p05__ao40__ownership_only,104729,1896096,26.86575030000313,6998893,
validation,implicit_als,als__k032__reg0p05__ao40__ownership_only,130363,1896096,22.026216199999908,7005131,
validation,implicit_als,als__k032__reg0p05__ao40__ownership_only,155921,1896096,27.518075200001476,7009375,
validation,implicit_als,als__k032__reg0p2__ao20__capped_log_playtime,104729,1896096,23.524914000001445,7022216,
validation,implicit_als,als__k032__reg0p2__ao20__capped_log_playtime,130363,1896096,26.84811450000052,7024752,
validation,implicit_als,als__k032__reg0p2__ao20__capped_log_playtime,155921,1896096,31.864569199999096,7028323,
validation,implicit_als,als__k032__reg0p2__ao20__log_playtime,104729,1896096,26.123223299997335,7020757,
validation,implicit_als,als__k032__reg0p2__ao20__log_playtime,130363,1896096,31.165629299997818,7023335,
validation,implicit_als,als__k032__reg0p2__ao20__log_playtime,155921,1896096,25.335361599998578,7026171,
validation,implicit_als,als__k032__reg0p2__ao20__ownership_only,104729,1896096,25.68320229999881,7016007,
validation,implicit_als,als__k032__reg0p2__ao20__ownership_only,130363,1896096,39.26782530000128,7018854,
validation,implicit_als,als__k032__reg0p2__ao20__ownership_only,155921,1896096,24.50794230000247,7023242,
validation,implicit_als,als__k032__reg0p2__ao40__capped_log_playtime,104729,1896096,30.952605700000277,7001430,
validation,implicit_als,als__k032__reg0p2__ao40__capped_log_playtime,130363,1896096,32.06185550000009,7004240,
validation,implicit_als,als__k032__reg0p2__ao40__capped_log_playtime,155921,1896096,28.714538700001867,7008277,
validation,implicit_als,als__k032__reg0p2__ao40__log_playtime,104729,1896096,25.65222619999986,6999609,
validation,implicit_als,als__k032__reg0p2__ao40__log_playtime,130363,1896096,32.01042260000031,7002013,
validation,implicit_als,als__k032__reg0p2__ao40__log_playtime,155921,1896096,26.79984279999917,7006884,
validation,implicit_als,als__k032__reg0p2__ao40__ownership_only,104729,1896096,27.16663790000166,6997340,
validation,implicit_als,als__k032__reg0p2__ao40__ownership_only,130363,1896096,23.754084500000317,7000175,
validation,implicit_als,als__k032__reg0p2__ao40__ownership_only,155921,1896096,29.379597099999955,7003048,
validation,implicit_als,als__k064__reg0p05__ao20__capped_log_playtime,104729,3792192,25.241882799997256,14064732,
validation,implicit_als,als__k064__reg0p05__ao20__capped_log_playtime,130363,3792192,29.22703620000175,14066795,
validation,implicit_als,als__k064__reg0p05__ao20__capped_log_playtime,155921,3792192,31.413311199998134,14065324,
validation,implicit_als,als__k064__reg0p05__ao20__log_playtime,104729,3792192,39.528805199999624,14061665,
validation,implicit_als,als__k064__reg0p05__ao20__log_playtime,130363,3792192,25.234947599998122,14063404,
validation,implicit_als,als__k064__reg0p05__ao20__log_playtime,155921,3792192,32.56943930000125,14062012,
validation,implicit_als,als__k064__reg0p05__ao20__ownership_only,104729,3792192,25.078747799998382,14053818,
validation,implicit_als,als__k064__reg0p05__ao20__ownership_only,130363,3792192,26.456494300000486,14055672,
validation,implicit_als,als__k064__reg0p05__ao20__ownership_only,155921,3792192,27.022908099999768,14054150,
validation,implicit_als,als__k064__reg0p05__ao40__capped_log_playtime,104729,3792192,28.957631799999945,14047164,
validation,implicit_als,als__k064__reg0p05__ao40__capped_log_playtime,130363,3792192,29.17889379999906,14048579,
validation,implicit_als,als__k064__reg0p05__ao40__capped_log_playtime,155921,3792192,29.046385599998757,14044369,
validation,implicit_als,als__k064__reg0p05__ao40__log_playtime,104729,3792192,49.29335659999924,14047241,
validation,implicit_als,als__k064__reg0p05__ao40__log_playtime,130363,3792192,39.49766929999896,14047941,
validation,implicit_als,als__k064__reg0p05__ao40__log_playtime,155921,3792192,28.83887870000035,14043284,
validation,implicit_als,als__k064__reg0p05__ao40__ownership_only,104729,3792192,47.719817900000635,14027741,
validation,implicit_als,als__k064__reg0p05__ao40__ownership_only,130363,3792192,33.73260550000123,14028891,
validation,implicit_als,als__k064__reg0p05__ao40__ownership_only,155921,3792192,27.59603160000188,14025478,
validation,implicit_als,als__k064__reg0p2__ao20__capped_log_playtime,104729,3792192,25.367130700000416,14074251,
validation,implicit_als,als__k064__reg0p2__ao20__capped_log_playtime,130363,3792192,38.134318399999756,14074270,
validation,implicit_als,als__k064__reg0p2__ao20__capped_log_playtime,155921,3792192,44.084723299998586,14070945,
validation,implicit_als,als__k064__reg0p2__ao20__log_playtime,104729,3792192,24.5641641000002,14072248,
validation,implicit_als,als__k064__reg0p2__ao20__log_playtime,130363,3792192,28.082498800002213,14073236,
validation,implicit_als,als__k064__reg0p2__ao20__log_playtime,155921,3792192,34.52126219999991,14069962,
validation,implicit_als,als__k064__reg0p2__ao20__ownership_only,104729,3792192,31.283171399998537,14056184,
validation,implicit_als,als__k064__reg0p2__ao20__ownership_only,130363,3792192,33.152547000001505,14056090,
validation,implicit_als,als__k064__reg0p2__ao20__ownership_only,155921,3792192,29.529703500000323,14054327,
validation,implicit_als,als__k064__reg0p2__ao40__capped_log_playtime,104729,3792192,31.131818800000474,14055358,
validation,implicit_als,als__k064__reg0p2__ao40__capped_log_playtime,130363,3792192,28.241671399999177,14056058,
validation,implicit_als,als__k064__reg0p2__ao40__capped_log_playtime,155921,3792192,32.51685709999947,14054582,
validation,implicit_als,als__k064__reg0p2__ao40__log_playtime,104729,3792192,32.98584020000271,14054608,
validation,implicit_als,als__k064__reg0p2__ao40__log_playtime,130363,3792192,28.302724599998328,14055143,
validation,implicit_als,als__k064__reg0p2__ao40__log_playtime,155921,3792192,26.820769399997516,14053520,
validation,implicit_als,als__k064__reg0p2__ao40__ownership_only,104729,3792192,26.187334099999134,14038102,
validation,implicit_als,als__k064__reg0p2__ao40__ownership_only,130363,3792192,29.364117900000565,14039322,
validation,implicit_als,als__k064__reg0p2__ao40__ownership_only,155921,3792192,27.598266299999523,14036636,
validation,feature_sum_bpr_identity,bpr__k032__reg0p0001__lr0p05,104729,1904998,19.694451700001082,6935326,
validation,feature_sum_bpr_identity,bpr__k032__reg0p0001__lr0p05,130363,1904998,14.644695700000739,6919046,
validation,feature_sum_bpr_identity,bpr__k032__reg0p0001__lr0p05,155921,1904998,17.408628099998168,6920475,
validation,feature_sum_bpr_identity,bpr__k032__reg0p001__lr0p05,104729,1904998,14.987596699997084,6935546,
validation,feature_sum_bpr_identity,bpr__k032__reg0p001__lr0p05,130363,1904998,19.431863200003136,6919057,
validation,feature_sum_bpr_identity,bpr__k032__reg0p001__lr0p05,155921,1904998,14.345574999999371,6920263,
validation,feature_sum_bpr_identity,bpr__k064__reg0p0001__lr0p05,104729,3801094,14.415081099999952,13899228,
validation,feature_sum_bpr_identity,bpr__k064__reg0p0001__lr0p05,130363,3801094,14.001374100000248,13894426,
validation,feature_sum_bpr_identity,bpr__k064__reg0p0001__lr0p05,155921,3801094,14.054405500002758,13915600,
validation,feature_sum_bpr_identity,bpr__k064__reg0p001__lr0p05,104729,3801094,14.06703650000054,13899325,
validation,feature_sum_bpr_identity,bpr__k064__reg0p001__lr0p05,130363,3801094,13.921947200000432,13894867,
validation,feature_sum_bpr_identity,bpr__k064__reg0p001__lr0p05,155921,3801094,14.373291700001573,13915702,
validation,feature_sum_bpr_identity_genre,genre__bpr__k064__reg0p0001__lr0p05,104729,3802438,14.099797200000467,13956466,
validation,feature_sum_bpr_identity_genre,genre__bpr__k064__reg0p0001__lr0p05,130363,3802438,14.051505300001736,13949405,
validation,feature_sum_bpr_identity_genre,genre__bpr__k064__reg0p0001__lr0p05,155921,3802438,14.076779600000009,13953920,
production_and_fold_in,implicit_als,als__k064__reg0p05__ao20__ownership_only,104729,,55.8827569999994,17071569,
production_and_fold_in,implicit_als,als__k064__reg0p05__ao20__ownership_only,130363,,53.82500819999768,17072977,
production_and_fold_in,implicit_als,als__k064__reg0p05__ao20__ownership_only,155921,,60.09085259999847,17070704,
validation_process_monitor,all_remaining_runs_after_monitor_start,,,,,,695320576
